<mvc:View
    controllerName="dep.fiori.reportedincidents.app.createEquipment"
    class="dep-fiori"
    displayBlock="true"
    height="100%"
    xmlns:mvc="sap.ui.core.mvc"
    xmlns:fb="sap.ui.comp.filterbar"
    xmlns:l="sap.ui.layout"
    xmlns:f="sap.ui.layout.form"
    xmlns:core="sap.ui.core"
    xmlns:u="sap.uxap"
    xmlns="sap.m">
    <Page
        id="main"
        showHeader="false">
       
		
		
		<f:Form id="form">

            <f:toolbar>
                <Toolbar>
                    <Title text="{i18n>EquipmentForm.createEquipmentTitle}"/>
                    <ToolbarSpacer></ToolbarSpacer>
                </Toolbar>
            </f:toolbar>

            <f:layout>
                <f:ResponsiveGridLayout
                    hSpacing="2"
                    /> 
            </f:layout>

            <f:formContainers>
				<f:FormContainer>
					<f:formElements>
					    <f:FormElement>
                            <f:label>
                                <Label text="{i18n>EquipmentForm.equipmentNumber}"
									   required="true"/>
                            </f:label>
                            <f:fields>
                                <Input 
                                    id="equipmentID"
                                    showValueHelp="true"
                                    value="{EQUIPMENT_DETAILS>/EQUIPMENT_ID}"
                                    valueHelpOnly="true"
                                    valueHelpRequest="equipmentLookupPress">
                                    <layoutData>
                                        <l:GridData
                                            span="L5 M5 S12">
                                        </l:GridData>
                                    </layoutData>
                                </Input>
                            </f:fields>
                        </f:FormElement>						
						<f:FormElement>
							<f:label>
								<Label
									text="{i18n>EquipmentForm.equipmentDesc}"
									required="true"/>
							</f:label>
							<f:fields>
								<Input
								    id="equipmentDesc"
									maxLength="40"
									value="{EQUIPMENT_DETAILS>/EQUIPMENT_DESC}">
									<layoutData>
										<l:GridData
											span="L5 M5 S12">
										</l:GridData>
									</layoutData>
								</Input>
							</f:fields>
						</f:FormElement>
						<f:FormElement>
                            <f:label>
                                <Label text="{i18n>EquipmentForm.equipmentType}"/>
                            </f:label>
                            <f:fields>
                                <Input 
                                    id="equipmentType"
									showValueHelp="true"
                                    value="{EQUIPMENT_DETAILS>/EQUIPMENT_TYPE}"
									valueHelpOnly="true"
									valueHelpRequest="equipmentTypeLookupPress">
                                    <layoutData>
                                        <l:GridData
                                            span="L5 M5 S12">
                                        </l:GridData>
                                    </layoutData>
                                </Input>
                            </f:fields>
                        </f:FormElement>
						<!--<f:FormElement>
							<f:label>
								<Label text="{i18n>EquipmentForm.plantID}"/>
							</f:label>

							<f:fields>
								<Input
									id="equipmentPlantID"
									value="{plantIDModel>/PLANT_ID}"
									enabled="false">
									<layoutData>
										<l:GridData
											span="L5 M5 S12">
										</l:GridData>
									</layoutData>
								</Input>
							</f:fields>
						</f:FormElement>-->
						<f:FormElement>
                            <f:label>
                                <Label text="{i18n>EquipmentForm.equipmentFLocation}"/>
                            </f:label>
                            <f:fields>
                                <Input 
                                    id="equipmentFLocation"
									showValueHelp="true"
                                    value="{EQUIPMENT_DETAILS>/EQUIPMENT_FLOC}"
									valueHelpOnly="true"
									valueHelpRequest="equipmentFLocationLookupPress">
                                    <layoutData>
                                        <l:GridData
                                            span="L5 M5 S12">
                                        </l:GridData>
                                    </layoutData>
                                </Input>								
                            </f:fields>
                        </f:FormElement>
						<f:FormElement>
							<f:label>
								<Label text="{i18n>EquipmentForm.equipmentLocationDesc}"/>
							</f:label>
							<f:fields>
								<TextArea
									id="equipmentLocationDesc"
									value="{EQUIPMENT_DETAILS>/EQUIPMENT_LOC_DESC}"
									rows="4">
									<layoutData>
										<l:GridData
											span="L5 M5 S12">
										</l:GridData>
									</layoutData>
								</TextArea>
							</f:fields>
						</f:FormElement>
						<f:FormElement>
							<f:label>
								<Label text="{i18n>EquipmentForm.equipmentAdditionalDesc}"/>
							</f:label>
							<f:fields>
								<TextArea
									id="equipmentAdditionalDesc"
									value="{EQUIPMENT_DETAILS>/EQUIPMENT_ADD_DESC}"
									rows="4">
									<layoutData>
										<l:GridData
											span="L5 M5 S12">
										</l:GridData>
									</layoutData>
								</TextArea>
							</f:fields>
						</f:FormElement>
						
					</f:formElements>
				</f:FormContainer>
			</f:formContainers>
        </f:Form>

        <footer>
            <Bar id="otbFooter">
                <contentLeft>
                    <Button
                        id="messages-button"
                        icon="sap-icon://message-popup"
                        text="{/length}"
                        type="Emphasized"
                        press="handleMessagePopoverPress"/>
                </contentLeft>
                <contentRight>
                    <Button
                        id="save-button"
                        type="Emphasized"
                        text="{i18nGlobal>General.save}"
                        press="equipmentSave"/>
                    <Button
                        id="cancel-button"
                        text="{i18nGlobal>General.cancel}"
                        press="onCancel"/>
                </contentRight>
            </Bar>
        </footer> 
    </Page>
</mvc:View>