<mvc:View
    controllerName="dep.fiori.reportedincidents.app.createEquipmentDamage"
    class="dep-fiori"
    displayBlock="true"
    height="100%"
    xmlns:mvc="sap.ui.core.mvc"
    xmlns:fb="sap.ui.comp.filterbar"
    xmlns:l="sap.ui.layout"
    xmlns:f="sap.ui.layout.form"
    xmlns:core="sap.ui.core"
    xmlns:u="sap.uxap"
    xmlns="sap.m">
    <Page
        id="main"
        showHeader="false">
       
		
		
		<f:Form id="form">

            <f:toolbar>
                <Toolbar>
                    <Title text="{i18n>AssetForm.createDamageTitle}"/>
                    <ToolbarSpacer></ToolbarSpacer>
                </Toolbar>
            </f:toolbar>

            <f:layout>
                <f:ResponsiveGridLayout
                    hSpacing="2"
                    /> 
            </f:layout>

            <f:formContainers>
				<f:FormContainer>
					<f:formElements>
					    <f:FormElement>
                            <f:label>
                                <Label text="{i18n>AssetForm.damageType}"/>
                            </f:label>
                            <f:fields>
                                <Input 
                                    id="damageType"
                                    showValueHelp="true"
                                    value="{EQUIPMENT_DAMAGE_TYPE>/DAMAGE_TYPE}"
                                    valueHelpOnly="true"
                                    valueHelpRequest="damageTypeLookupPress">
                                    <layoutData>
                                        <l:GridData
                                            span="L5 M5 S12">
                                        </l:GridData>
                                    </layoutData>
                                </Input>
                            </f:fields>
                        </f:FormElement>						
						<f:FormElement>
							<f:label>
								<Label
									text="{i18n>AssetForm.damageDesc}"
									required="true"/>
							</f:label>
							<f:fields>
								<TextArea
								    id="damageDesc"
									value="{EQUIPMENT_DAMAGE_TYPE>/DAMAGE_TYPE_DESC}"
									rows="4">
									<layoutData>
										<l:GridData
											span="L5 M5 S12">
										</l:GridData>
									</layoutData>
								</TextArea>
							</f:fields>
						</f:FormElement>
						
						
					</f:formElements>
				</f:FormContainer>
			</f:formContainers>
        </f:Form>

        <footer>
            <Bar id="otbFooter">
                <contentLeft>
                    <Button
                        id="messages-button"
                        icon="sap-icon://message-popup"
                        text="{/length}"
                        type="Emphasized"
                        press="handleMessagePopoverPress"/>
                </contentLeft>
                <contentRight>
                    <Button
                        id="save-button"
                        type="Emphasized"
                        text="{i18nGlobal>General.save}"
                        press="damageTypeSave"/>
                    <Button
                        id="cancel-button"
                        text="{i18nGlobal>General.cancel}"
                        press="onCancel"/>
                </contentRight>
            </Bar>
        </footer> 
    </Page>
</mvc:View>