<c:FragmentDefinition
    xmlns:c="sap.ui.core"
    xmlns:l="sap.ui.layout"
    xmlns:f="sap.ui.layout.form"
    xmlns="sap.m">   
    <f:Form title="{i18n>Detail.title} {/0/IBLNR} ({/0/INV_NO_LOCAL})" editable="true">
        <f:layout>
            <f:ResponsiveGridLayout hSpacing="2" />
        </f:layout>
        
        <!-- Header -->
        <f:FormContainer title="{i18n>Inventory.detail}">
            <f:layoutData>
                <l:GridData span="L12 M12 S12" />
            </f:layoutData>
            <f:FormElement>
                <f:label>
                    <Label
                        text="{i18nGlobal>General.location}:"
                        tooltip="{i18nGlobal>General.location}">
                        <layoutData>
                            <l:GridData span="L2 M3 S12" />
                        </layoutData>
                    </Label>
                </f:label>
                <Text text="{/0/LGORT}">
                    <layoutData>
                        <l:GridData span="L4 M3 S12" />
                    </layoutData>
                </Text>
            </f:FormElement>
        </f:FormContainer>
        
        <!-- Items -->
        <f:FormContainer>
            <f:layoutData>
                <l:GridData span="L12 M12 S12" />
            </f:layoutData>
            <f:title>
                <c:Title text="{i18nGlobal>General.items} ({/length})" />
            </f:title>
            <f:FormElement>
                <Table 
                    noDataText="{i18nGlobal>General.listEmpty}"
                    items="{/}">
                    <columns>
                        <Column vAlign="Middle">
                            <Label
                                text="{i18nGlobal>General.material}"
                                tooltip="{i18nGlobal>General.material}" />
                        </Column>
                        <Column
                            vAlign="Middle"
                            width="25%"
                            minScreenWidth="Desktop"
                            demandPopin="true"
                            popinDisplay="Inline">
                            <Label
                                text="{i18nGlobal>General.description}"
                                tooltip="{i18nGlobal>General.description}" />
                        </Column>
                        <Column
                            vAlign="Middle"
                            width="15%"
                            minScreenWidth="Tablet"
                            demandPopin="true"
                            popinDisplay="Inline">
                            <Label
                                text="{i18n>Material.partNumber}"
                                tooltip="{i18n>Material.partNumber}" />
                        </Column>
                        <Column
                            vAlign="Middle"
                            width="15%"
                            minScreenWidth="Tablet"
                            demandPopin="true"
                            popinDisplay="Inline">
                            <Label
                                text="{i18n>Material.manufacturer}"
                                tooltip="{i18n>Material.manufacturer}" />
                        </Column>
                        <Column vAlign="Middle">
                            <Label
                                text="{i18n>Material.bin}"
                                tooltip="{i18n>Material.bin}" />
                        </Column>
                        <Column
                            vAlign="Middle"
                            hAlign="Right">
                            <Label
                                text="{i18nGlobal>General.unit}"
                                tooltip="{i18nGlobal>General.unit}" />
                        </Column>
                        <Column
                            vAlign="Middle"
                            hAlign="Right">
                            <Label
                                text="{i18n>Material.quantityCounted}"
                                tooltip="{i18n>Material.quantityCounted}" />
                        </Column>
                    </columns>
                    <ColumnListItem>
                        <Label text="{MATNR}" design="Bold" />
                        <Label text="{MAKTX}" />
                        <Label text="{MFRPN}" />
                        <Label text="{NAME1}" />
                        <Label text="{LGPBE}" />
                        <Label text="{MEINS}" />
                        <Label text="{= ${XDIFF} === 'X' || ${XZAEL} === 'X' ? ${ERFMG} : '' }" />
                    </ColumnListItem>
                </Table>
            </f:FormElement>
        </f:FormContainer>
    </f:Form>
</c:FragmentDefinition>