<mvc:View
    controllerName="dep.fiori.equipment.app.list"
    class="dep-fiori"
    displayBlock="true"
    height="100%"
    xmlns:mvc="sap.ui.core.mvc"
    xmlns:fb="sap.ui.comp.filterbar"
    xmlns:c="sap.ui.core"
    xmlns="sap.m">
    <Page
        showHeader="false"
        showSubHeader="false"
        enableScrolling="false">
        <VBox
            fitContainer="true"
            renderType="Bare">
            <c:Fragment fragmentName="dep.fiori.lib.frag.filterBar" type="XML" />
            <ScrollContainer
                vertical="true"
                height="100%"
                width="100%">
                <Table
                    id="list"
                    items="{odata>/Equipment}"
                    noDataText="{i18nGlobal>EquipmentSelect.listEmpty}"
                    growing="true"
                    growingScrollToLoad="true"
                    itemPress="onItemPress">
                    <headerToolbar>
                        <Toolbar>
                            <Title text="{i18nGlobal>General.equipment}" />
                            <ToolbarSpacer />
                            <Button
                                tooltip="{i18nGlobal>General.sortList}"
                                icon="sap-icon://drop-down-list"
                                press="onSortPress" />
                        </Toolbar>
                    </headerToolbar>
                    <columns>
                        <Column vAlign="Middle">
                            <Title text="{i18nGlobal>EquipmentSelect.equipment}" />
                        </Column>
                        <Column
                            vAlign="Middle"
                            width="30%"
                            minScreenWidth="Tablet"
                            demandPopin="true"
                            popinDisplay="Inline">
                            <Title text="{i18nGlobal>General.description}" />
                        </Column>
                        <Column vAlign="Middle">
                            <Title text="{i18nGlobal>General.location}" />
                        </Column>
                        <Column
                            vAlign="Middle"
                            minScreenWidth="Tablet"
                            demandPopin="true"
                            popinDisplay="Inline">
                            <Title text="{i18nGlobal>EquipmentSelect.locationDesc}" />
                        </Column>
                        <Column vAlign="Middle">
                            <Title text="{i18n>Equipment.costCenter}" />
                        </Column>
                        <Column
                            vAlign="Middle"
                            minScreenWidth="Desktop"
                            demandPopin="true"
                            popinDisplay="Inline">
                            <Title text="{i18n>Equipment.root}" />
                        </Column>
                    </columns>
                    <ColumnListItem type="Active">
                        <Label
                            text="{odata>EQUNR}"
                            tooltip="{odata>EQUNR}"
                            design="Bold"
                            class="identifierTextBlue" />
                        <Label
                            text="{odata>EQKTX}"
                            tooltip="{odata>EQKTX}" />
                        <Label
                            text="{odata>TPLNR}"
                            tooltip="{odata>TPLNR}" />
                        <Label
                            text="{odata>PLTXT}"
                            tooltip="{odata>PLTXT}" />
                        <Label
                            text="{odata>KOSTL}"
                            tooltip="{odata>KOSTL}" />
                        <Label
                            text="{=${odata>IS_ROOT_EQUIP} ? ${i18nGlobal>General.yes} : ${i18nGlobal>General.no}}"
                            tooltip="{=${odata>IS_ROOT_EQUIP} ? ${i18nGlobal>General.yes} : ${i18nGlobal>General.no}}" />
                    </ColumnListItem>
                </Table>
            </ScrollContainer>
        </VBox>
    </Page>
</mvc:View>