<edmx:Edmx xmlns:edmx="http://docs.oasis-open.org/odata/ns/edmx"
	Version="4.0">
	<edmx:Reference
		Uri="http://docs.oasis-open.org/odata/odata-data-aggregation-ext/v4.0/cs02/vocabularies/Org.OData.Aggregation.V1.xml">
		<edmx:Include Alias="Aggregation" Namespace="Org.OData.Aggregation.V1"/>
	</edmx:Reference>
	<edmx:Reference
		Uri="http://docs.oasis-open.org/odata/odata/v4.0/errata03/os/complete/vocabularies/Org.OData.Capabilities.V1.xml">
		<edmx:Include Alias="Capabilities" Namespace="Org.OData.Capabilities.V1"/>
	</edmx:Reference>
	<edmx:Reference
		Uri="https://wiki.scn.sap.com/wiki/download/attachments/448470974/Common.xml?api=v2">
		<edmx:Include Alias="Common" Namespace="com.sap.vocabularies.Common.v1"/>
	</edmx:Reference>
	<edmx:Reference
		Uri="https://wiki.scn.sap.com/wiki/download/attachments/448470971/Communication.xml?api=v2">
		<edmx:Include Alias="vCard"
			Namespace="com.sap.vocabularies.Communication.v1"/>
	</edmx:Reference>
	<edmx:Reference
		Uri="http://docs.oasis-open.org/odata/odata/v4.0/errata03/os/complete/vocabularies/Org.OData.Core.V1.xml">
		<edmx:Include Alias="Core" Namespace="Org.OData.Core.V1"/>
	</edmx:Reference>
	<edmx:Reference
		Uri="http://docs.oasis-open.org/odata/odata/v4.0/errata03/os/complete/vocabularies/Org.OData.Measures.V1.xml">
		<edmx:Include Alias="CQP" Namespace="Org.OData.Measures.V1"/>
	</edmx:Reference>
	<edmx:Reference
		Uri="https://wiki.scn.sap.com/wiki/download/attachments/448470968/UI.xml?api=v2">
		<edmx:Include Alias="UI" Namespace="com.sap.vocabularies.UI.v1"/>
	</edmx:Reference>
	<edmx:Reference Uri="dep/so/odata/$metadata">
		<edmx:Include Alias="depso" Namespace="SO_SRV"/>
	</edmx:Reference>
	<edmx:DataServices>

		<Schema xmlns="http://docs.oasis-open.org/odata/ns/edm">
			<Annotations Target="depso.SalesOrders">
			
				<Annotation Term="Capabilities.SearchRestrictions">
					<Record>
						<PropertyValue Property="Searchable" Boolean="false"/>
					</Record>
				</Annotation>

				<Annotation Term="UI.SelectionFields">
					<Collection>
						<PropertyPath>SALES_DOCUMENT_AND_ITEM</PropertyPath>					
						<PropertyPath>MATERIAL</PropertyPath>
						<PropertyPath>MATERIAL_TEXT</PropertyPath>
                        <PropertyPath>SALES_ORDER_DELIVERY_DATE</PropertyPath>							
					</Collection>
				</Annotation>
                
				<Annotation Term="UI.HeaderInfo">
					<Record Type="UI.HeaderInfoType">
						<PropertyValue Property="TypeName"
							String="{@i18n&gt;LIST_REPORT_HEADER}" />
						<PropertyValue Property="TypeNamePlural"
							String="{@i18n&gt;LIST_REPORT_HEADER_PLURAL}" />
						<PropertyValue Property="Title">
							<Record Type="UI.DataField">
								<PropertyValue Property="Label" String="{@i18n&gt;SALES_DOCUMENT_AND_ITEM}"/>
								<PropertyValue Property="Value" Path="SALES_DOCUMENT_AND_ITEM"/>
							</Record>
						</PropertyValue>	
					</Record>
				</Annotation>
				
				<Annotation Term="Aggregation.ApplySupported">
					<Record>
						<PropertyValue Property="Transformations">
							<Collection>
								<String>aggregate</String>
								<String>groupby</String>
								<String>filter</String>
							</Collection>
						</PropertyValue>
						<PropertyValue Property="Rollup" EnumMember="None"/>
					</Record>
				</Annotation>

				<Annotations xmlns="http://docs.oasis-open.org/odata/ns/edm" Target="depso.SalesOrders/SALES_DOCUMENT_AND_ITEM">
					<Annotation String="{@i18n&gt;SALES_DOCUMENT_AND_ITEM}" Term="Common.Label"/>
				</Annotations>

				<Annotations xmlns="http://docs.oasis-open.org/odata/ns/edm" Target="depso.SalesOrders/MATERIAL">
					<Annotation String="{@i18n&gt;MATERIAL}" Term="Common.Label"/>
				</Annotations>

				<Annotations xmlns="http://docs.oasis-open.org/odata/ns/edm" Target="depso.SalesOrders/MATERIAL_TEXT">
					<Annotation String="{@i18n&gt;MATERIAL_TEXT}" Term="Common.Label"/>
				</Annotations>
				
				<Annotations xmlns="http://docs.oasis-open.org/odata/ns/edm" Target="depso.SalesOrders/SALES_ORDER_DELIVERY_DATE">
					<Annotation String="{@i18n&gt;SALES_ORDER_DELIVERY_DATE}" Term="Common.Label"/>
				</Annotations>

				<Annotations xmlns="http://docs.oasis-open.org/odata/ns/edm" Target="depso.SalesOrders/CUSTOMER_NUMBER">
					<Annotation String="{@i18n&gt;CUSTOMER_NUMBER}" Term="Common.Label"/>
				</Annotations>

				<Annotations xmlns="http://docs.oasis-open.org/odata/ns/edm" Target="depso.SalesOrders/CUSTOMER_NAME">
					<Annotation String="{@i18n&gt;CUSTOMER_NAME}" Term="Common.Label"/>
				</Annotations>

				<Annotations xmlns="http://docs.oasis-open.org/odata/ns/edm" Target="depso.SalesOrders/PRIORITY_TEXT">
					<Annotation String="{@i18n&gt;PRIORITY_TEXT}" Term="Common.Label"/>
				</Annotations>	

				<Annotations xmlns="http://docs.oasis-open.org/odata/ns/edm" Target="depso.SalesOrders">
					<Annotation Term="Org.OData.Capabilities.V1.DeleteRestrictions" >
						<Record>
							<PropertyValue Property="Deletable" Bool="false"/>
						</Record>                                                          
					</Annotation>
				</Annotations>

				<Annotations xmlns="http://docs.oasis-open.org/odata/ns/edm" Target="depso.SalesOrders">
					<Annotation Term="Org.OData.Capabilities.V1.SearchRestrictions" >
						<Record>
							<PropertyValue Property="Searchable" Bool="false"/>
						</Record>                                                          
					</Annotation>
				</Annotations>
				
				<Annotations xmlns="http://docs.oasis-open.org/odata/ns/edm" Target="depso.SalesOrders">
					<Annotation Term="Org.OData.Capabilities.V1.UpdateRestrictions" >
						<Record>
							<PropertyValue Property="Updatable" Bool="false"/>
						</Record>                                                          
					</Annotation>
				</Annotations>

				<Annotation Term="UI.LineItem">
					<Collection>
						<Record Type="UI.DataFieldForIntentBasedNavigation">
							<PropertyValue Property="Label" String="Network Graph"/>
							<PropertyValue Property="SemanticObject" String="networkgraph"/>
							<PropertyValue Property="Action" String="display"/>
							<PropertyValue Property="RequiresContext" Bool="false"/>
							<PropertyValue Property="Inline" Bool="false"/>
						</Record> 
					</Collection>	
					<Collection>
						<Record Type="UI.DataField">
							<PropertyValue Property="Value" Path="SALES_DOCUMENT_AND_ITEM"/>
						</Record>
						<Record Type="UI.DataField">
							<PropertyValue Property="Value" Path="MATERIAL"/>
						</Record>
						<Record Type="UI.DataField">
							<PropertyValue Property="Value" Path="MATERIAL_TEXT"/>
						</Record>
						<Record Type="UI.DataField">
							<PropertyValue Property="Value" Path="SALES_ORDER_DELIVERY_DATE"/>
						</Record>					
					</Collection>
				</Annotation>

				<Annotations xmlns="http://docs.oasis-open.org/odata/ns/edm" Target="depso.SalesOrders">
					<Annotation Term="Capabilities.InsertRestrictions" >
						<Record>
							<PropertyValue Property="Insertable" Bool="false"/>
						</Record>                                                          
					</Annotation>
				</Annotations>

			</Annotations>

			<Annotations Target="depso.SalesOrderDetails">
				<Annotations xmlns="http://docs.oasis-open.org/odata/ns/edm" Target="depso.SalesOrderDetails/SALES_DOCUMENT_AND_ITEM">
					<Annotation String="{@i18n&gt;SALES_DOCUMENT_AND_ITEM}" Term="Common.Label"/>
				</Annotations>
				
				<Annotations xmlns="http://docs.oasis-open.org/odata/ns/edm" Target="depso.SalesOrderDetails/SALES_DOCUMENT">
					<Annotation String="{@i18n&gt;SALES_DOCUMENT}" Term="Common.Label"/>
				</Annotations>
				
				<Annotations xmlns="http://docs.oasis-open.org/odata/ns/edm" Target="depso.SalesOrderDetails/SALES_DOCUMENT_ITEM">
					<Annotation String="{@i18n&gt;SALES_DOCUMENT_ITEM}" Term="Common.Label"/>
				</Annotations>
				
				<Annotations xmlns="http://docs.oasis-open.org/odata/ns/edm" Target="depso.SalesOrderDetails/SALES_GROUP">
					<Annotation String="{@i18n&gt;SALES_GROUP}" Term="Common.Label"/>
				</Annotations>
								
				<Annotations xmlns="http://docs.oasis-open.org/odata/ns/edm" Target="depso.SalesOrderDetails/SALES_GROUP_NAME">
					<Annotation String="{@i18n&gt;SALES_GROUP_NAME}" Term="Common.Label"/>
				</Annotations>
				
				<Annotations xmlns="http://docs.oasis-open.org/odata/ns/edm" Target="depso.SalesOrderDetails/SALES_ORDER_DELIVERY_DATE">
					<Annotation String="{@i18n&gt;SALES_ORDER_DELIVERY_DATE}" Term="Common.Label"/>
				</Annotations>
				
				<Annotations xmlns="http://docs.oasis-open.org/odata/ns/edm" Target="depso.SalesOrderDetails/SALES_ORGANIZATION_NAME">
					<Annotation String="{@i18n&gt;SALES_ORGANIZATION_NAME}" Term="Common.Label"/>
				</Annotations>
								
				<Annotations xmlns="http://docs.oasis-open.org/odata/ns/edm" Target="depso.SalesOrderDetails/DISTRIBUTION_CHANNEL">
					<Annotation String="{@i18n&gt;DISTRIBUTION_CHANNEL}" Term="Common.Label"/>
				</Annotations>
								
				<Annotations xmlns="http://docs.oasis-open.org/odata/ns/edm" Target="depso.SalesOrderDetails/DISTRIBUTION_CHANNEL_NAME">
					<Annotation String="{@i18n&gt;DISTRIBUTION_CHANNEL_NAME}" Term="Common.Label"/>
				</Annotations>
								
				<Annotations xmlns="http://docs.oasis-open.org/odata/ns/edm" Target="depso.SalesOrderDetails/PRODUCTION_ORDER_AND_OPERATION_LIST">
					<Annotation String="{@i18n&gt;PRODUCTION_ORDER_AND_OPERATION_LIST}" Term="Common.Label"/>
				</Annotations>
								
				<Annotations xmlns="http://docs.oasis-open.org/odata/ns/edm" Target="depso.SalesOrderDetails/SALES_OFFICE">
					<Annotation String="{@i18n&gt;SALES_OFFICE}" Term="Common.Label"/>
				</Annotations>
								
				<Annotations xmlns="http://docs.oasis-open.org/odata/ns/edm" Target="depso.SalesOrderDetails/SALES_OFFICE_NAME">
					<Annotation String="{@i18n&gt;SALES_OFFICE_NAME}" Term="Common.Label"/>
				</Annotations>
								
				<Annotations xmlns="http://docs.oasis-open.org/odata/ns/edm" Target="depso.SalesOrderDetails/DIVISION">
					<Annotation String="{@i18n&gt;DIVISION}" Term="Common.Label"/>
				</Annotations>
								
				<Annotations xmlns="http://docs.oasis-open.org/odata/ns/edm" Target="depso.SalesOrderDetails/DIVISION_NAME">
					<Annotation String="{@i18n&gt;DIVISION_NAME}" Term="Common.Label"/>
				</Annotations>
								
				<Annotations xmlns="http://docs.oasis-open.org/odata/ns/edm" Target="depso.SalesOrderDetails/OBJECT_CREATION_DATE">
					<Annotation String="{@i18n&gt;OBJECT_CREATION_DATE}" Term="Common.Label"/>
				</Annotations>
								
				<Annotations xmlns="http://docs.oasis-open.org/odata/ns/edm" Target="depso.SalesOrderDetails/PERSON_CREATED_OBJECT">
					<Annotation String="{@i18n&gt;PERSON_CREATED_OBJECT}" Term="Common.Label"/>
				</Annotations>
												
				<Annotations xmlns="http://docs.oasis-open.org/odata/ns/edm" Target="depso.SalesOrderDetails/ITEM_SHORT_TEXT">
					<Annotation String="{@i18n&gt;ITEM_SHORT_TEXT}" Term="Common.Label"/>
				</Annotations>
												
				<Annotations xmlns="http://docs.oasis-open.org/odata/ns/edm" Target="depso.SalesOrderDetails/ITEM_RELEVANT_FOR_DELIVERY">
					<Annotation String="{@i18n&gt;ITEM_RELEVANT_FOR_DELIVERY}" Term="Common.Label"/>
				</Annotations>
												
				<Annotations xmlns="http://docs.oasis-open.org/odata/ns/edm" Target="depso.SalesOrderDetails/MATERIAL_NUMBER">
					<Annotation String="{@i18n&gt;MATERIAL_NUMBER}" Term="Common.Label"/>
				</Annotations>
												
				<Annotations xmlns="http://docs.oasis-open.org/odata/ns/edm" Target="depso.SalesOrderDetails/SALES_DOCUMENT_ITEM_CATEGORY">
					<Annotation String="{@i18n&gt;SALES_DOCUMENT_ITEM_CATEGORY}" Term="Common.Label"/>
				</Annotations>
												
				<Annotations xmlns="http://docs.oasis-open.org/odata/ns/edm" Target="depso.SalesOrderDetails/SALES_DOCUMENT_ITEM_CATEGORY_NAME">
					<Annotation String="{@i18n&gt;SALES_DOCUMENT_ITEM_CATEGORY_NAME}" Term="Common.Label"/>
				</Annotations>
												
				<Annotations xmlns="http://docs.oasis-open.org/odata/ns/edm" Target="depso.SalesOrderDetails/BATCH_NUMBER">
					<Annotation String="{@i18n&gt;BATCH_NUMBER}" Term="Common.Label"/>
				</Annotations>
												
				<Annotations xmlns="http://docs.oasis-open.org/odata/ns/edm" Target="depso.SalesOrderDetails/CUSTOMER_NUMBER">
					<Annotation String="{@i18n&gt;CUSTOMER_NUMBER}" Term="Common.Label"/>
				</Annotations>
												
				<Annotations xmlns="http://docs.oasis-open.org/odata/ns/edm" Target="depso.SalesOrderDetails/CUSTOMER_NAME">
					<Annotation String="{@i18n&gt;CUSTOMER_NAME}" Term="Common.Label"/>
				</Annotations>
												
				<Annotations xmlns="http://docs.oasis-open.org/odata/ns/edm" Target="depso.SalesOrderDetails/PRIORITY_TEXT">
					<Annotation String="{@i18n&gt;PRIORITY_TEXT}" Term="Common.Label"/>
				</Annotations>
															
				<Annotations xmlns="http://docs.oasis-open.org/odata/ns/edm" Target="depso.SalesOrderDetails/COUNTRY">
					<Annotation String="{@i18n&gt;COUNTRY}" Term="Common.Label"/>
				</Annotations>
															
				<Annotations xmlns="http://docs.oasis-open.org/odata/ns/edm" Target="depso.SalesOrderDetails/STATE">
					<Annotation String="{@i18n&gt;STATE}" Term="Common.Label"/>
				</Annotations>
															
				<Annotations xmlns="http://docs.oasis-open.org/odata/ns/edm" Target="depso.SalesOrderDetails/STREET">
					<Annotation String="{@i18n&gt;STREET}" Term="Common.Label"/>
				</Annotations>
															
				<Annotations xmlns="http://docs.oasis-open.org/odata/ns/edm" Target="depso.SalesOrderDetails/POSTAL_CODE">
					<Annotation String="{@i18n&gt;POSTAL_CODE}" Term="Common.Label"/>
				</Annotations>
															
				<Annotations xmlns="http://docs.oasis-open.org/odata/ns/edm" Target="depso.SalesOrderDetails/FAX">
					<Annotation String="{@i18n&gt;FAX}" Term="Common.Label"/>
				</Annotations>
															
				<Annotations xmlns="http://docs.oasis-open.org/odata/ns/edm" Target="depso.SalesOrderDetails/TELEPHONE">
					<Annotation String="{@i18n&gt;TELEPHONE}" Term="Common.Label"/>
				</Annotations>
																										
				<Annotation Term="UI.HeaderInfo">
					<Record Type="UI.HeaderInfoType">
						<PropertyValue Property="Title">
							<Record Type="UI.DataField">
								<PropertyValue Property="Label" String="{@i18n&gt;SALES_DOCUMENT_AND_ITEM}" />
								<PropertyValue Property="Value" Path="SALES_DOCUMENT_AND_ITEM"/>
							</Record>
						</PropertyValue>	
					</Record>
				</Annotation>

				<Annotation Term="UI.Facets">
					<Collection>
						<Record Type="UI.ReferenceFacet">
							<PropertyValue Property="Target" AnnotationPath="@UI.FieldGroup#SALESORDER" />
							<PropertyValue Property="Label" String="{@i18n&gt;SALESORDER_INFO}" />
						</Record>
						
						<Record Type="UI.ReferenceFacet">
							<PropertyValue Property="Target" AnnotationPath="@UI.FieldGroup#SALESORDERITEM" />
							<PropertyValue Property="Label" String="{@i18n&gt;SALESORDERITEM_INFO}" />
						</Record>
						<Record Type="UI.ReferenceFacet">
							<PropertyValue Property="Target" AnnotationPath="@UI.FieldGroup#CUSTOMER" />
							<PropertyValue Property="Label" String="{@i18n&gt;CUSTOMER_INFO}" />
						</Record>
					</Collection>
				</Annotation>

				<Annotation Term="UI.FieldGroup" Qualifier="SALESORDER">
					<Collection>
						<Record Type="UI.DataField">
							<PropertyValue Property="Value" Path="SALES_DOCUMENT"/>
						</Record>
						<Record Type="UI.DataField">
							<PropertyValue Property="Value" Path="SALES_ORGANIZATION_NAME" />
						</Record>
						<Record Type="UI.DataField">
							<PropertyValue Property="Value" Path="DISTRIBUTION_CHANNEL" />
						</Record>
						<Record Type="UI.DataField">
							<PropertyValue Property="Value" Path="DISTRIBUTION_CHANNEL_NAME"/>
						</Record>
						<Record Type="UI.DataField">
							<PropertyValue Property="Value" Path="DIVISION"/>
						</Record>
						<Record Type="UI.DataField">
							<PropertyValue Property="Value" Path="DIVISION_NAME"/>
						</Record>
						<Record Type="UI.DataField">
							<PropertyValue Property="Value" Path="SALES_GROUP"/>
						</Record>						
						<Record Type="UI.DataField">
							<PropertyValue Property="Value" Path="SALES_GROUP_NAME"/>
						</Record>
						<Record Type="UI.DataField">
							<PropertyValue Property="Value" Path="SALES_OFFICE"/>
						</Record>
						<Record Type="UI.DataField">
							<PropertyValue Property="Value" Path="SALES_OFFICE_NAME"/>
						</Record>
						<Record Type="UI.DataField">
							<PropertyValue Property="Value" Path="OBJECT_CREATION_DATE"/>
						</Record>
						<Record Type="UI.DataField">
							<PropertyValue Property="Value" Path="PERSON_CREATED_OBJECT"/>
						</Record>
						<Record Type="UI.DataField">
							<PropertyValue Property="Value" Path="SALES_ORDER_DELIVERY_DATE"/>
						</Record>
						<Record Type="UI.DataField">
							<PropertyValue Property="Value" Path="PRODUCTION_ORDER_AND_OPERATION_LIST"/>
						</Record>
					</Collection>
				</Annotation>
				
				<Annotation Term="UI.FieldGroup" Qualifier="SALESORDERITEM">
					<Collection>
						<Record Type="UI.DataField">
							<PropertyValue Property="Value" Path="SALES_DOCUMENT_ITEM"/>
						</Record>
						<Record Type="UI.DataField">
							<PropertyValue Property="Value" Path="MATERIAL_NUMBER"/>
						</Record>
						<Record Type="UI.DataField">
							<PropertyValue Property="Value" Path="BATCH_NUMBER"/>
						</Record>
						<Record Type="UI.DataField">
							<PropertyValue Property="Value" Path="ITEM_SHORT_TEXT"/>
						</Record>
						<Record Type="UI.DataField">
							<PropertyValue Property="Value" Path="ITEM_RELEVANT_FOR_DELIVERY"/>
						</Record>
						<Record Type="UI.DataField">
							<PropertyValue Property="Value" Path="SALES_DOCUMENT_ITEM_CATEGORY"/>
						</Record>
						<Record Type="UI.DataField">
							<PropertyValue Property="Value" Path="SALES_DOCUMENT_ITEM_CATEGORY_NAME"/>
						</Record>								
					</Collection>
				</Annotation>
				
				<Annotation Term="UI.FieldGroup" Qualifier="CUSTOMER">
					<Collection>
						<Record Type="UI.DataField">
							<PropertyValue Property="Value" Path="CUSTOMER_NUMBER"/>
						</Record>
						<Record Type="UI.DataField">
							<PropertyValue Property="Value" Path="CUSTOMER_NAME"/>
						</Record>
						<Record Type="UI.DataField">
							<PropertyValue Property="Value" Path="PRIORITY_TEXT"/>
						</Record>
						<Record Type="UI.DataField">
							<PropertyValue Property="Value" Path="COUNTRY"/>
						</Record>
						<Record Type="UI.DataField">
							<PropertyValue Property="Value" Path="STATE"/>
						</Record>
						<Record Type="UI.DataField">
							<PropertyValue Property="Value" Path="STREET"/>
						</Record>
						<Record Type="UI.DataField">
							<PropertyValue Property="Value" Path="POSTAL_CODE"/>
						</Record>
						<Record Type="UI.DataField">
							<PropertyValue Property="Value" Path="FAX"/>
						</Record>
						<Record Type="UI.DataField">
							<PropertyValue Property="Value" Path="TELEPHONE"/>
						</Record>
					</Collection>
				</Annotation>															
			
			</Annotations>

		</Schema>
	</edmx:DataServices>
</edmx:Edmx>


