<mvc:View
    controllerName="dep.fiori.report.app.display"
    class="dep-fiori"
    displayBlock="true"
    height="100%"
    xmlns:mvc="sap.ui.core.mvc"
    xmlns:fb="sap.ui.comp.filterbar"
    xmlns:c="sap.ui.core"
    xmlns="sap.m">
    <Page
        showHeader="false"
        showSubHeader="false"
        enableScrolling="false">
        <VBox
            fitContainer="true"
            renderType="Bare">
            <ScrollContainer
                vertical="true"
                height="100%"
                width="100%">
                <Table
                    id="reportList"
                    noDataText="{i18nGlobal>General.listEmpty}"
                    items="{/}"
                    growing="true"
                    growingScrollToLoad="true"
                    mode="SingleSelectMaster"
                    itemPress="onSelect">
                    <headerToolbar>
                        <Toolbar>
                            <Title text="{args>/sTCODE} / {args>/sREPVAR}" />
                            <ToolbarSpacer />
                            <Button
                                tooltip="{i18nGlobal>General.listRefresh}"
                                icon="sap-icon://refresh"
                                press="loadReports" />
                            <Button
                                tooltip="{i18nGlobal>General.sortList}"
                                icon="sap-icon://drop-down-list"
                                press="onSortPress" />
                        </Toolbar>
                    </headerToolbar>
                    <columns>
                        <Column
                            vAlign="Middle"
                            width="auto">
                            <Title
                                text="{i18nGlobal>General.date}"
                                tooltip="{i18nGlobal>General.date}" />
                        </Column>
                    </columns>
                    <items>
                        <ColumnListItem type="Active">
                            <cells>
                                <Label
                                    text="{
                                        path: 'RUNDATE',
                                        formatter: 'dep.fiori.lib.util.Utilities.formatters.date'
                                    }"
                                    tooltip="{
                                        path: 'RUNDATE',
                                        formatter: 'dep.fiori.lib.util.Utilities.formatters.date'
                                    }" />
                            </cells>
                        </ColumnListItem>
                    </items>
                </Table>
            </ScrollContainer>
        </VBox>
    </Page>
</mvc:View>