<c:FragmentDefinition
    xmlns="sap.m"
    xmlns:c="sap.ui.core"
    xmlns:l="sap.ui.layout"
    xmlns:f="sap.ui.layout.form">
    <Dialog
        class="dep-fiori"
        title="{i18n>Dialog.title}">

        <f:Form>
            <f:layout>
                <f:ResponsiveGridLayout labelSpanL="2" />
            </f:layout>
            <f:FormContainer>
                <f:FormElement>
                    <f:label>
                        <Label
                            text="{i18n>Form.dateLabel}:"
                            required="true"
                            class="identifierTextBlue"/>
                        </f:label>
                        <f:fields>
                            <DatePicker
                                    id="inputDate"
                                    width="100%"
                                    valueFormat="yyyyMMdd"
                                    value="{/GSTRP}"
                                    valueState="{= ${/GSTRP} ? 'None' : 'Error' }"
                                    class="sapUiSmallMarginBottom">
                                <layoutData>
                                        <l:GridData
                                            span="L2 M2 S12">
                                        </l:GridData>
                                </layoutData>
                            </DatePicker>
                        </f:fields>
                </f:FormElement>
                <f:FormElement>
                    <f:label>
                        <Label 
                            text="{i18nGlobal>General.description}:"
                            required="true"
                            class="identifierTextBlue"/>
                    </f:label>
                    <Input
                        id="idDesc"
                        value="{/WO_DESC}"
                        valueState="{= ${/WO_DESC} ? 'None' : 'Error' }"
                        maxLength="40"/>
                </f:FormElement>

                <f:FormElement>
                    <f:label>
                        <Label
                            text="{i18nGlobal>General.equipment}:"
                            class="identifierTextBlue">
                            <layoutData>
                                <l:GridData span="L2 M2 S12" linebreak="true" />
                            </layoutData>
                        </Label>
                    </f:label>
                    <Label
                        text="{/EQUNR}">
                        <layoutData>
                            <l:GridData span="L2 M3 S4" />
                        </layoutData>
                    </Label>
                </f:FormElement>

                <f:FormElement>
                    <f:label>
                        <Label
                            text="{i18n>Form.damageCode}:"
                            class="identifierTextBlue">
                            <layoutData>
                                <l:GridData span="L2 M2 S12" linebreak="true" />
                            </layoutData>
                        </Label>
                    </f:label>
                    <Label
                        text="{/FECOD}">
                        <layoutData>
                            <l:GridData span="L2 M3 S6" />
                        </layoutData>
                    </Label>
                </f:FormElement>

                <f:FormElement>
                    <f:label>
                        <Label
                            text="{i18n>Form.causeCode}:"
                            class="identifierTextBlue">
                            <layoutData>
                                <l:GridData span="L2 M3 S12" />
                            </layoutData>
                        </Label>
                    </f:label>
                    <Label
                        text="{/URCOD}">
                        <layoutData>
                            <l:GridData span="L2 M3 S6" />
                        </layoutData>
                    </Label>
                </f:FormElement>

                <f:FormElement>
                    <f:label>
                        <Label
                            text="{i18nGlobal>General.breakdown}:"
                            class="identifierTextBlue">
                            <layoutData>
                                <l:GridData span="L2 M2 S12" linebreak="true" />
                            </layoutData>
                        </Label>
                    </f:label>
                    <Label
                        text="{= ${/MSAUS} === 'X' ? ${i18nGlobal>General.yes} : ${i18nGlobal>General.no} }" />
                </f:FormElement>

                <f:FormElement visible="{= ${/MSAUS} === 'X' }">
                    <f:label>
                        <Label
                            text="{i18n>Form.malfunctionStart}:"
                            class="identifierTextBlue">
                            <layoutData>
                                <l:GridData span="L2 M2 S12" linebreak="true" />
                            </layoutData>
                        </Label>
                    </f:label>
                    <Label
                        text="{
                            path: '/AUSVN',
                            formatter: 'dep.fiori.lib.util.Utilities.formatters.date'
                        }">
                        <layoutData>
                            <l:GridData span="L2 M3 S6" />
                        </layoutData>
                    </Label>
                    <Label
                        text="{
                            path: '/AUZTV',
                            formatter: 'dep.fiori.lib.util.Utilities.formatters.time'
                        }">
                        <layoutData>
                            <l:GridData span="L2 M3 S6" />
                        </layoutData>
                    </Label>
                </f:FormElement>

                <f:FormElement visible="{= ${/MSAUS} === 'X' }">
                    <f:label>
                        <Label
                            text="{i18n>Form.malfunctionEnd}:"
                            class="identifierTextBlue">
                            <layoutData>
                                <l:GridData span="L2 M2 S12" linebreak="true" />
                            </layoutData>
                        </Label>
                    </f:label>
                    <Label
                        text="{
                            path: '/AUSBS',
                            formatter: 'dep.fiori.lib.util.Utilities.formatters.date'
                        }">
                        <layoutData>
                            <l:GridData span="L2 M3 S6" />
                        </layoutData>
                    </Label>
                    <Label
                        text="{
                            path: '/AUZTB',
                            formatter: 'dep.fiori.lib.util.Utilities.formatters.time'
                        }">
                        <layoutData>
                            <l:GridData span="L2 M3 S6" />
                        </layoutData>
                    </Label>
                </f:FormElement>

                <f:FormElement>
                    <f:label>
                        <Label
                            text="{i18n>Form.workcenter}:"
                            required="true"
                            class="identifierTextBlue">
                            <layoutData>
                                <l:GridData span="L2 M2 S12" linebreak="true" />
                            </layoutData>
                        </Label>
                    </f:label>
                    <Input
                        id="workCenter"
                        showValueHelp="true"
                        valueHelpOnly="true"
                        value="{/VAPLZ}"
                        valueState="{= ${/VAPLZ} ? 'None' : 'Error' }"
                        valueHelpRequest="onWorkCenterPress">
                        <layoutData>
                            <l:GridData span="L2 M3 S6" />
                        </layoutData>
                    </Input>
                </f:FormElement>

                <f:FormElement>
                    <f:label>
                        <Label
                            text="{i18n>Form.activityType}:"
                            required="true"
                            class="identifierTextBlue">
                            <layoutData>
                                <l:GridData span="L2 M2 S12" linebreak="true" />
                            </layoutData>
                        </Label>
                    </f:label>
                    <Select
                    	id="activityType"
                        forceSelection="false"
                        items="{activityTypes>/}"
                        selectedKey="{/ILART}"
                        valueState="{= ${/ILART} ? 'None' : 'Error' }">
                        <c:Item
                            key="{activityTypes>ILART}"
                            text="{activityTypes>ILART} - {activityTypes>ILATX}" />
                        <layoutData>
                            <l:GridData
                                span="L3 M3 S12">
                            </l:GridData>
                        </layoutData>
                    </Select>
                </f:FormElement>

                <f:FormElement>
                    <f:label>
                        <Label
                            text="{i18nGlobal>General.priority}:"
                            class="identifierTextBlue">
                            <layoutData>
                                <l:GridData span="L2 M2 S12" linebreak="true" />
                            </layoutData>
                        </Label>
                    </f:label>
                    <Select
                        items="{
                            path: 'odata>/Workorder_Priority',
                            filters : [
                                { path : 'ARTPR', operator : 'EQ', value1 : 'PM'}
                            ]
                        }"
                        selectedKey="{/PRIOK}">
                        <c:Item key="{odata>PRIOK}" text="{odata>PRIOKX}" />
                        <layoutData>
                            <l:GridData
                                span="L2 M2 S12">
                            </l:GridData>
                        </layoutData>
                    </Select>
                </f:FormElement>
            </f:FormContainer>
        </f:Form>

        <beginButton>
            <Button
                text="{i18nGlobal>General.save}"
                type="Emphasized"
                press="saveWorkOrder" />
        </beginButton>

        <endButton>
            <Button
                text="{i18nGlobal>General.cancel}"
                press="closeWorkOrderDialog" />
        </endButton>
    </Dialog>
</c:FragmentDefinition>