[{"id":"757a82d7.c43f4c","type":"tab","label":"Flow 1","disabled":false,"info":""},{"id":"f404963b.18a1a8","type":"tab","label":"Flow 2","disabled":false,"info":""},{"id":"3c1e4391.24987c","type":"subflow","name":"SAP List API (UI ready)","info":"","category":"","in":[{"x":40,"y":140,"wires":[{"id":"e9642409.6a7dc8"}]}],"out":[{"x":1060,"y":140,"wires":[{"id":"e3120d78.8dcc2","port":0}]},{"x":1060,"y":200,"wires":[{"id":"350bc7e8.240e08","port":0}]},{"x":1060,"y":280,"wires":[{"id":"591bfc6f.9e9de4","port":0}]}],"env":[{"name":"url","type":"str","value":"","ui":{"icon":"font-awesome/fa-chain","type":"input","opts":{"types":["str"]}}},{"name":"includeHeader","type":"bool","value":"true","ui":{"type":"checkbox"}},{"name":"deleteButton","type":"bool","value":"true","ui":{"icon":"font-awesome/fa-close","type":"checkbox"}},{"name":"outputProperties","type":"str","value":"","ui":{"icon":"font-awesome/fa-long-arrow-right","type":"input","opts":{"types":["str"]}}},{"name":"payload","type":"json","value":"","ui":{"icon":"font-awesome/fa-align-justify","type":"input","opts":{"types":["json"]}}},{"name":"nestedValues","type":"str","value":"","ui":{"icon":"font-awesome/fa-dedent","type":"input","opts":{"types":["str"]}}},{"name":"enables","type":"str","value":"","ui":{"icon":"font-awesome/fa-check-square-o","type":"input","opts":{"types":["str"]}}}],"meta":{},"color":"#3FADB5","icon":"font-awesome/fa-th-list"},{"id":"2648fba7.74b264","type":"subflow","name":"SAP IoT Edge Data","info":"","category":"","in":[{"x":40,"y":80,"wires":[{"id":"a65c0d46.a299d"}]}],"out":[{"x":1060,"y":420,"wires":[{"id":"e6f809a8.fd8d48","port":0}]}],"env":[],"meta":{},"color":"#3FADB5","icon":"node-red/feed.svg"},{"id":"74b6e5ae.995b0c","type":"subflow","name":"SAP Edge Service Persistence Measures","info":"","category":"","in":[{"x":80,"y":80,"wires":[{"id":"5fd2874.beb8878"}]}],"out":[{"x":1160,"y":520,"wires":[{"id":"484fb9.791a7048","port":0}]},{"x":1160,"y":600,"wires":[{"id":"6f05ba3.304fc44","port":0}]}],"env":[{"name":"startTime","type":"str","value":"","ui":{"icon":"font-awesome/fa-calendar-minus-o","type":"input","opts":{"types":["str"]}}},{"name":"endTime","type":"str","value":"","ui":{"icon":"font-awesome/fa-calendar-plus-o","type":"input","opts":{"types":["str"]}}},{"name":"deviceAlternateId","type":"str","value":"","ui":{"icon":"font-awesome/fa-cube","type":"input","opts":{"types":["str"]}}},{"name":"sensorTypeAlternateId","type":"str","value":"","ui":{"icon":"font-awesome/fa-object-group","type":"input","opts":{"types":["str"]}}},{"name":"capabilityAlternateId","type":"str","value":"","ui":{"icon":"font-awesome/fa-thermometer-half","type":"input","opts":{"types":["str"]}}},{"name":"sensorAlternateId","type":"str","value":"","ui":{"icon":"font-awesome/fa-cubes","type":"input","opts":{"types":["str"]}}},{"name":"lastSamples","type":"num","value":"","ui":{"icon":"font-awesome/fa-sort-numeric-asc","type":"input","opts":{"types":["num"]}}},{"name":"skip","type":"num","value":"","ui":{"icon":"font-awesome/fa-sort-numeric-asc","type":"input","opts":{"types":["num"]}}}],"meta":{},"color":"#3FADB5","icon":"font-awesome/fa-database"},{"id":"d6f3b6bc.48eba8","type":"subflow","name":"CSV ingestion simulator","info":"","category":"","in":[{"x":50,"y":30,"wires":[{"id":"9ee30b86.e3da38"}]}],"out":[{"x":1140,"y":40,"wires":[{"id":"4167483f.3eb5c8","port":0}]},{"x":1160,"y":680,"wires":[{"id":"af3ead03.c9e37","port":0}]}],"env":[{"name":"csvfile","type":"str","value":"","ui":{"icon":"font-awesome/fa-file-text-o","label":{"en-US":"CSV file"},"type":"input","opts":{"types":["str"]}}},{"name":"delay","type":"num","value":"","ui":{"icon":"font-awesome/fa-clock-o","type":"input","opts":{"types":["num"]}}},{"name":"reset","type":"bool","value":"true","ui":{"icon":"font-awesome/fa-check","type":"input","opts":{"types":["bool"]}}},{"name":"capabilityAlternateId","type":"str","value":"","ui":{"icon":"font-awesome/fa-align-justify","type":"input","opts":{"types":["str"]}}},{"name":"sensorAlternateId","type":"str","value":"","ui":{"icon":"font-awesome/fa-align-justify","type":"input","opts":{"types":["str"]}}},{"name":"sensorTypeAlternateId","type":"num","value":"","ui":{"icon":"font-awesome/fa-align-justify","type":"input","opts":{"types":["num"]}}},{"name":"properties","type":"str","value":"","ui":{"icon":"font-awesome/fa-align-justify","type":"input","opts":{"types":["str"]}}}],"meta":{},"color":"#3FADB5","icon":"node-red-dashboard/ui_chart.png"},{"id":"c5684258.f999c","type":"subflow","name":"Custom Service interface","info":"","category":"","in":[{"x":50,"y":30,"wires":[{"id":"dbc449cc.ab58f8"}]}],"out":[{"x":1180,"y":40,"wires":[{"id":"21f6215a.57c57e","port":0}]}],"env":[{"name":"endpoint","type":"str","value":"","ui":{"icon":"font-awesome/fa-bullseye","type":"input","opts":{"types":["str"]}}},{"name":"useBody","type":"bool","value":"true","ui":{"icon":"font-awesome/fa-commenting","label":{"en-US":"use body"},"type":"input","opts":{"types":["bool"]}}},{"name":"method","type":"str","value":"POST","ui":{"type":"select","opts":{"opts":[{"l":{"en-US":"POST"},"v":"POST"},{"l":{"en-US":"GET"},"v":"GET"},{"l":{"en-US":"PUT"},"v":"PUT"},{"l":{"en-US":"DELETE"},"v":"DELETE"}]}}}],"color":"#3FADB5"},{"id":"4e84a927.f0b398","type":"mqtt-broker","name":"","broker":"<<EDGEGATEWAY>>","port":"<<EDGEBUSPORT>>","tls":"71b4fe2c.1ee9a","clientid":"","usetls":true,"compatmode":false,"protocolVersion":"4","keepalive":"60","cleansession":true,"birthTopic":"","birthQos":"0","birthPayload":"","birthMsg":{},"closeTopic":"","closeQos":"0","closePayload":"","closeMsg":{},"willTopic":"","willQos":"0","willPayload":"","willMsg":{},"sessionExpiry":""},{"id":"5017172f.f69b88","type":"ui_base","theme":{"name":"theme-light","lightTheme":{"default":"#0094CE","baseColor":"#017cad","baseFont":"-apple-system,BlinkMacSystemFont,Segoe UI,Roboto,Oxygen-Sans,Ubuntu,Cantarell,Helvetica Neue,sans-serif","edited":true,"reset":false},"darkTheme":{"default":"#097479","baseColor":"#097479","baseFont":"-apple-system,BlinkMacSystemFont,Segoe UI,Roboto,Oxygen-Sans,Ubuntu,Cantarell,Helvetica Neue,sans-serif","edited":true,"reset":false},"customTheme":{"name":"Untitled Theme 1","default":"#4B7930","baseColor":"#4B7930","baseFont":"-apple-system,BlinkMacSystemFont,Segoe UI,Roboto,Oxygen-Sans,Ubuntu,Cantarell,Helvetica Neue,sans-serif","reset":false},"themeState":{"base-color":{"default":"#0094CE","value":"#017cad","edited":true},"page-titlebar-backgroundColor":{"value":"#017cad","edited":false},"page-backgroundColor":{"value":"#fafafa","edited":false},"page-sidebar-backgroundColor":{"value":"#333333","edited":false},"group-textColor":{"value":"#01b2f9","edited":false},"group-borderColor":{"value":"#ffffff","edited":false},"group-backgroundColor":{"value":"#ffffff","edited":false},"widget-textColor":{"value":"#111111","edited":false},"widget-backgroundColor":{"value":"#017cad","edited":false},"widget-borderColor":{"value":"#ffffff","edited":false},"base-font":{"value":"-apple-system,BlinkMacSystemFont,Segoe UI,Roboto,Oxygen-Sans,Ubuntu,Cantarell,Helvetica Neue,sans-serif"}},"angularTheme":{"primary":"indigo","accents":"blue","warn":"red","background":"grey"}},"site":{"name":"Node-RED Dashboard","hideToolbar":"false","allowSwipe":"false","lockMenu":"false","allowTempTheme":"false","dateFormat":"DD/MM/YYYY","sizes":{"sx":48,"sy":48,"gx":6,"gy":6,"cx":6,"cy":6,"px":0,"py":0}}},{"id":"81ba415.448e5c","type":"ui_tab","name":"Devices & Data","icon":"dashboard","order":2,"disabled":false,"hidden":false},{"id":"d97607ad.53b1b8","type":"ui_group","name":"Sensors","tab":"81ba415.448e5c","order":5,"disp":true,"width":"10","collapse":false},{"id":"b2d9aaa.4d19158","type":"ui_group","name":"Devices","tab":"81ba415.448e5c","order":4,"disp":true,"width":"10","collapse":false},{"id":"bee652a.697deb","type":"tls-config","name":"","cert":"","key":"","ca":"","certname":"","keyname":"","caname":"","servername":"","verifyservercert":false},{"id":"71b4fe2c.1ee9a","type":"tls-config","name":"","cert":"/nodered-certs/client.crt","key":"/nodered-certs/client.key","ca":"/nodered-certs/cacerts.crt","certname":"","keyname":"","caname":"","servername":"","verifyservercert":false},{"id":"9993785.178e688","type":"ui_group","name":"Chart RT","tab":"81ba415.448e5c","order":1,"disp":false,"width":"10","collapse":false},{"id":"e770dc1d.fa29c","type":"ui_group","name":"Chart H","tab":"81ba415.448e5c","order":2,"disp":false,"width":"10","collapse":false},{"id":"1072b65.a035e4a","type":"ui_group","name":"Chart Output","tab":"81ba415.448e5c","order":3,"disp":false,"width":"10","collapse":false},{"id":"6d9b74.8ffa448c","type":"ui_group","name":"Measurements","tab":"81ba415.448e5c","order":6,"disp":true,"width":"30","collapse":false},{"id":"fc0e35a9.2b9758","type":"mqtt-broker","name":"","broker":"<<EDGEGATEWAY>>","port":"61618","clientid":"","usetls":false,"protocolVersion":"4","keepalive":"60","cleansession":true,"birthTopic":"","birthQos":"0","birthPayload":"","birthMsg":{},"closeTopic":"","closeQos":"0","closePayload":"","closeMsg":{},"willTopic":"","willQos":"0","willPayload":"","willMsg":{},"sessionExpiry":""},{"id":"f9764099.1aa33","type":"mqtt in","z":"2648fba7.74b264","name":"messagebus","topic":"iot/edge/v1/1fc1cb68-6fd6-42eb-99ed-bf722ae861bc/measures/out","qos":"2","datatype":"auto","broker":"4e84a927.f0b398","nl":false,"rap":false,"x":110,"y":300,"wires":[["8c3f8ab.7974078"]]},{"id":"a65c0d46.a299d","type":"function","z":"2648fba7.74b264","name":"","func":"flow.set('selectedDevice', msg.payload);\nreturn msg;","outputs":1,"noerr":0,"initialize":"","finalize":"","x":220,"y":80,"wires":[[]]},{"id":"e3120d78.8dcc2","type":"function","z":"3c1e4391.24987c","name":"build entity list","func":"var json = {};\njson.payload = [];\n//console.log(msg);\nif(msg.payload.value){\n    for (let i = 0; i < msg.payload.value.length; i++){\n        let device = msg.payload.value[i];\n        //console.log(msg.payload[i]);\n        device[\"Name\"] = msg.payload.value[i].deviceAlternateId;\n        device[\"Description\"] = msg.payload.value[i].capabilityAlternateId;\n        device[\"visibleDelete\"] = flow.get('deleteButton');\n        if(env.get('outputProperties') === 'msg.payload'){\n            device[\"additionalProperty\"] = {...msg.payload.value[i]};\n        }\n        else if (env.get('outputProperties') !== ''){\n            device[\"additionalProperty\"] = msg.payload.value[i][flow.get('outputProperties')];\n        }\n        json.payload.push(device);\n    }\n}\nelse{\n    for (let i = 0; i < msg.payload.length; i++){\n        let device = msg.payload[i];\n        //console.log(msg.payload[i]);\n        device[\"Name\"] = msg.payload[i].alternateId;\n        device[\"Description\"] = msg.payload[i].name;\n        device[\"visibleDelete\"] = flow.get('deleteButton');\n        if(env.get('outputProperties') === 'msg.payload'){\n            device[\"additionalProperty\"] = {...msg.payload[i]};\n        }\n        else if (env.get('outputProperties') !== ''){\n            device[\"additionalProperty\"] = msg.payload[i][flow.get('outputProperties')];\n        }\n        json.payload.push(device);\n    }\n}\n//json.payload = JSON.stringify(json.payload).replace(/\"/g,'\\\\\"');\n//console.log(json);\nmsg.payload = json.payload;\nreturn msg;","outputs":1,"noerr":0,"initialize":"","finalize":"","libs":[],"x":880,"y":140,"wires":[["350bc7e8.240e08","591bfc6f.9e9de4"]]},{"id":"84b5e9b.02ad118","type":"json","z":"3c1e4391.24987c","name":"","property":"payload","action":"","pretty":false,"x":650,"y":140,"wires":[["e3120d78.8dcc2"]]},{"id":"2bc80d81.f68f82","type":"http request","z":"3c1e4391.24987c","name":"","method":"GET","ret":"txt","paytoqs":"ignore","url":"","tls":"71b4fe2c.1ee9a","persist":false,"proxy":"","authType":"","x":490,"y":140,"wires":[["84b5e9b.02ad118"]]},{"id":"67cb6089.28795","type":"function","z":"3c1e4391.24987c","name":"prepare URL","func":"msg.url = flow.get('url');\nreturn msg;","outputs":1,"noerr":0,"initialize":"","finalize":"","libs":[],"x":150,"y":240,"wires":[["3a49aaed.5b7a46"]]},{"id":"3a49aaed.5b7a46","type":"switch","z":"3c1e4391.24987c","name":"","property":"url","propertyType":"msg","rules":[{"t":"nempty"},{"t":"empty"}],"checkall":"true","repair":false,"outputs":2,"x":310,"y":240,"wires":[["2bc80d81.f68f82"],["e3120d78.8dcc2"]]},{"id":"8c3f8ab.7974078","type":"json","z":"2648fba7.74b264","name":"","property":"payload","action":"","pretty":false,"x":590,"y":420,"wires":[["e6f809a8.fd8d48"]]},{"id":"e6f809a8.fd8d48","type":"function","z":"2648fba7.74b264","name":"transform measurements","func":"var chart = [];\n//msg = flow.get('mqtt');\nvar selectedDevice = flow.get('selectedDevice');\n//console.log(\"Selected: \" + selectedDevice);\n//console.log(\"mqtt: \" + msg);\nif(selectedDevice){\n    for (var i = 0; i < msg.payload.length; i++){\n        if(msg.payload[i].deviceAlternateId != selectedDevice){\n            continue;\n        }\n        var cap = msg.payload[i].sensorAlternateId + \" - \" + msg.payload[i].capabilityAlternateId;\n        var meas = msg.payload[i].measures;\n        for(var j = 0; j < meas.length; j++){\n            var msg1 = {};\n            var singleMeas = meas[j]; \n            if (Array.isArray(singleMeas)){\n                for (var k = 0; k < singleMeas.length; k++){\n                    msg1.topic = cap + \" - prop\" + (k+1);\n                    msg1.payload  = singleMeas[k];\n                }\n            }\n            else{\n                for (var label in singleMeas){\n                    msg1.topic = cap + \" - \" + label;\n                    msg1.payload  = singleMeas[label];\n                }\n                chart.push(msg1);\n            }\n        }\n    }\n}\n\nreturn chart;","outputs":1,"noerr":0,"initialize":"","finalize":"","x":830,"y":420,"wires":[[]]},{"id":"f08d503d.7d1ee","type":"ui_chart","z":"757a82d7.c43f4c","name":"","group":"1072b65.a035e4a","order":1,"width":0,"height":0,"label":"DFT","chartType":"line","legend":"true","xformat":"x","interpolate":"linear","nodata":"","dot":false,"ymin":"","ymax":"","removeOlder":1,"removeOlderPoints":"","removeOlderUnit":"3600","cutout":0,"useOneColor":false,"useUTC":false,"colors":["#30b31e","#aec7e8","#ff7f0e","#2ca02c","#98df8a","#d62728","#ff9896","#9467bd","#c5b0d5"],"useOldStyle":false,"outputs":1,"x":1010,"y":660,"wires":[[]]},{"id":"650c88e7.8ea858","type":"inject","z":"f404963b.18a1a8","name":"","props":[{"p":"payload"},{"p":"topic","vt":"str"}],"repeat":"30","crontab":"","once":true,"onceDelay":0.1,"topic":"","payload":"","payloadType":"date","x":130,"y":300,"wires":[["7ab57440.bdbe2c"]]},{"id":"76ee93d7.97d0bc","type":"debug","z":"f404963b.18a1a8","name":"output selection","active":false,"tosidebar":true,"console":false,"tostatus":false,"complete":"true","targetType":"full","x":520,"y":180,"wires":[]},{"id":"7ab57440.bdbe2c","type":"subflow:3c1e4391.24987c","z":"f404963b.18a1a8","name":"List of devices","env":[{"name":"url","value":"https://<<EDGEGATEWAY>>:<<EDGERESTPORT>>/iot/edge/api/v1/devices?skip=0&top=1000","type":"str"},{"name":"includeHeader","type":"bool","value":"false"},{"name":"deleteButton","type":"bool","value":"false"},{"name":"outputProperties","value":"msg.payload","type":"str"},{"name":"enables","value":"Name","type":"str"},{"name":"outputProperty","value":"sensors","type":"str"}],"x":340,"y":320,"wires":[["76ee93d7.97d0bc"],[],["b2a61827.336408"]]},{"id":"28768049.324d5","type":"subflow:3c1e4391.24987c","z":"f404963b.18a1a8","name":"Prepare List Sensors","env":[{"name":"deleteButton","type":"bool","value":"false"},{"name":"enables","value":"name sensorTypeAlternateId","type":"str"}],"x":870,"y":440,"wires":[["89a3cdb7.367dd"],[],["89cd9166.06e52"]]},{"id":"89a3cdb7.367dd","type":"debug","z":"f404963b.18a1a8","name":"unwrapped","active":false,"tosidebar":true,"console":false,"tostatus":false,"complete":"true","targetType":"full","x":830,"y":500,"wires":[]},{"id":"b2a61827.336408","type":"ui_template","z":"f404963b.18a1a8","group":"b2d9aaa.4d19158","name":"","order":1,"width":"10","height":"6","format":"<div ng-bind-html=\"msg.payload\"></div>","storeOutMessages":false,"fwdInMessages":true,"resendOnRefresh":false,"templateScope":"local","x":660,"y":280,"wires":[["c89649c4.624878"]]},{"id":"89cd9166.06e52","type":"ui_template","z":"f404963b.18a1a8","group":"d97607ad.53b1b8","name":"","order":1,"width":"10","height":"8","format":"<div ng-bind-html=\"msg.payload\"></div>","storeOutMessages":false,"fwdInMessages":true,"resendOnRefresh":false,"templateScope":"local","x":1100,"y":460,"wires":[[]]},{"id":"fb134f80.f6a35","type":"ui_text","z":"f404963b.18a1a8","group":"b2d9aaa.4d19158","order":2,"width":0,"height":0,"name":"id","label":"Id:","format":"{{msg.payload.id}}","layout":"row-spread","x":1110,"y":620,"wires":[]},{"id":"cd99e17e.c073b","type":"ui_text","z":"f404963b.18a1a8","group":"b2d9aaa.4d19158","order":3,"width":0,"height":0,"name":"gatewayId","label":"GatewayId:","format":"{{msg.payload.gatewayId}}","layout":"row-spread","x":1130,"y":740,"wires":[]},{"id":"2210362a.12f70a","type":"ui_text","z":"f404963b.18a1a8","group":"b2d9aaa.4d19158","order":4,"width":0,"height":0,"name":"alternateId","label":"AlternateId:","format":"{{msg.payload.alternateId}}","layout":"row-spread","x":1130,"y":660,"wires":[]},{"id":"89305cf.2cb79a","type":"ui_text","z":"f404963b.18a1a8","group":"b2d9aaa.4d19158","order":5,"width":0,"height":0,"name":"name","label":"Name:","format":"{{msg.payload.name}}","layout":"row-spread","x":1110,"y":700,"wires":[]},{"id":"c89649c4.624878","type":"switch","z":"f404963b.18a1a8","name":"clicked column","property":"command","propertyType":"msg","rules":[{"t":"eq","v":"select","vt":"str"},{"t":"eq","v":"select1","vt":"str"}],"checkall":"true","repair":false,"outputs":2,"x":430,"y":560,"wires":[["fc4243f9.cea33","dcf5a42.5e54c58","11a575c1.3e83fa"],[]]},{"id":"e31619d.5a69de8","type":"ui_switch","z":"f404963b.18a1a8","name":"","label":"Online:","tooltip":"","group":"b2d9aaa.4d19158","order":6,"width":0,"height":0,"passthru":true,"decouple":"false","topic":"","style":"","onvalue":"true","onvalueType":"bool","onicon":"","oncolor":"","offvalue":"false","offvalueType":"bool","officon":"","offcolor":"","x":1120,"y":780,"wires":[[]]},{"id":"350bc7e8.240e08","type":"function","z":"3c1e4391.24987c","name":"Create template","func":"msg. template = '<script>myFunction = function(th){};' +\n'mouseDown = function(th){' +\n'        $(th).css(\"background\", \"var(--nr-dashboard-pageTitlebarBackgroundColor)\");' +\n'        $(th).css(\"transition\", \"0.3s\");' +\n'};' +\n'mouseUp = function(th){' +\n'        $(th).css(\"background\", \"var(--nr-dashboard-widgetBgndColor)\");' +\n'        $(th).css(\"transition\", \"0.3s\");' +\n'};' +\n'deleteObj = function(th){' +\n'    this.mouseUp(th);' +\n'};' +\n'</script>' +\n'<style>' +\n'    td:hover {' +\n'        border-left: 5px solid var(--nr-dashboard-pageTitlebarBackgroundColor);' +\n'        border-right: 5px solid var(--nr-dashboard-pageTitlebarBackgroundColor);' +\n'        color: var(--nr-dashboard-pageTitlebarBackgroundColor);' +\n'        cursor:pointer;' +\n'        transition: 0.4s;' +\n'    }' +\n'    tr.selected td {' +\n'        background-color: var(--nr-dashboard-pageTitlebarBackgroundColor);' +\n'        color: var(--nr-dashboard-widgetBgndColor);' +\n'        transition: 0.4s;' +\n'    }' +\n'</style>' +\n'<table style=\"text-align: center\">' +\n'    <tr ng-repeat=\"(key, value) in msg.payload\">' +\n'        <td onmousedown=\"mouseDown(this)\" onmouseup=\"mouseUp(this)\" ng-click =\"value.selected=true; send({\\'command\\':\\'select\\', \\'selected\\':value.title, \\'additionalProperty\\':value.additionalProperty});\">{{value.title}}</td>' +\n'        <td onmousedown=\"mouseDown(this)\" onmouseup=\"mouseUp(this)\" ng-click =\"value.selected=true; send({\\'command\\':\\'select1\\', \\'selected\\':value.title, \\'additionalProperty\\':value.additionalProperty});\" ng-if = \"value.visibleDelete == true\" width=\"50px\"><img ng-click =\"send({\\'command\\':\\'delete\\', \\'selected\\':value.title, \\'additionalProperty\\':value.additionalProperty})\" src=\"/x.png\" alt=\"\" width=\"32px\" height=\"32px\"></img></td>' +\n'    </tr>' +\n'</table>';\nreturn msg;","outputs":1,"noerr":0,"initialize":"","finalize":"","x":880,"y":200,"wires":[[]]},{"id":"74c624ed.39705c","type":"inject","z":"74b6e5ae.995b0c","name":"","props":[{"p":"payload"}],"repeat":"","crontab":"","once":true,"onceDelay":0.1,"topic":"","payload":"","payloadType":"date","x":130,"y":200,"wires":[["93910b4a.bedf88"]]},{"id":"5385e8c1.723848","type":"debug","z":"74b6e5ae.995b0c","name":"","active":true,"tosidebar":true,"console":false,"tostatus":false,"complete":"true","targetType":"full","statusVal":"","statusType":"auto","x":930,"y":40,"wires":[]},{"id":"653dc085.97007","type":"http request","z":"74b6e5ae.995b0c","name":"","method":"GET","ret":"txt","paytoqs":"ignore","url":"","tls":"71b4fe2c.1ee9a","persist":false,"proxy":"","authType":"","x":670,"y":400,"wires":[["6b9d3fde.c26ac"]]},{"id":"93910b4a.bedf88","type":"function","z":"74b6e5ae.995b0c","name":"","func":"let filters = [];\n\nlet deviceAddress = flow.get(\"deviceAddress\") || \"\";\nif (deviceAddress){\n    filters.push(\"deviceAlternateId eq '\" + deviceAddress + \"'\");\n}\nlet startTime = flow.get(\"startTime\") || \"\";\nlet endTime = flow.get(\"endTime\") || \"\";\n/*if(startTime && endTime){\n    filters.push(\"timestamp ge '\" + startTime + \"' and timestamp le '\" + endTime + \"'\");\n}else */\nif(startTime){\n    filters.push(\"timestamp ge '\" + startTime + \"'\");\n}\nif(endTime){\n     filters.push(\"timestamp le '\" + endTime + \"'\");\n}\nlet sensortype = flow.get(\"sensortype\") || \"\";\nif (sensortype){\n    filters.push(\"sensorTypeAlternateId eq '\" + sensortype + \"'\");\n}\nlet capability = flow.get(\"capability\") || \"\";\nif (capability){\n    filters.push(\"capabilityAlternateId eq '\" + capability + \"'\");\n}\nlet sensorId = flow.get(\"sensorId\") || \"\";\nif (sensorId){\n    filters.push(\"sensorAlternateId eq '\" + sensorId + \"'\");\n}\nlet lastSamples = flow.get(\"lastSamples\") || \"\";\nlet skip = flow.get(\"skip\") || \"\";\nlet url = \"\";\n/*if(lastSamples || skip || filter.lenght > 0){\n    url += \"?\";\n}*/\nif(lastSamples){\n url += \"&$top=\" + lastSamples;\n}\nif(skip){\n url += \"&$skip=\" + skip;\n}\nif(filters.length > 0){\n    url += \"&$filter=\" + filters.join(\" and \");\n}\nmsg.url += url;\nmsg.filters = filters;\nreturn msg;","outputs":1,"noerr":0,"initialize":"","finalize":"","libs":[],"x":340,"y":380,"wires":[["d3082aeb.304ea8"]]},{"id":"3518d988.33b996","type":"catch","z":"74b6e5ae.995b0c","name":"","scope":["653dc085.97007"],"uncaught":false,"x":150,"y":260,"wires":[["5385e8c1.723848","93910b4a.bedf88"]]},{"id":"d3082aeb.304ea8","type":"switch","z":"74b6e5ae.995b0c","name":"","property":"url","propertyType":"msg","rules":[{"t":"null"},{"t":"nnull"}],"checkall":"true","repair":false,"outputs":2,"x":490,"y":380,"wires":[[],["653dc085.97007"]]},{"id":"57825363.ce240c","type":"function","z":"74b6e5ae.995b0c","name":"","func":"return msg;","outputs":1,"noerr":0,"initialize":"","finalize":"","libs":[],"x":1000,"y":400,"wires":[["484fb9.791a7048"]]},{"id":"6b9d3fde.c26ac","type":"switch","z":"74b6e5ae.995b0c","name":"","property":"statusCode","propertyType":"msg","rules":[{"t":"gte","v":"300","vt":"num"},{"t":"lt","v":"300","vt":"str"}],"checkall":"true","repair":false,"outputs":2,"x":830,"y":400,"wires":[[],["57825363.ce240c"]]},{"id":"5fd2874.beb8878","type":"function","z":"74b6e5ae.995b0c","name":"","func":"var deviceAddress = msg.deviceAddress || env.get(\"deviceAlternateId\");\nvar startTime = msg.startTime || env.get(\"startTime\");\nvar endTime = msg.endTime || env.get(\"endTime\");\nvar sensortype = msg.profileId || env.get(\"sensorTypeAlternateId\");\nvar capability = msg.objectId || env.get(\"capabilityAlternateId\");\nvar sensorId = msg.sensorId || env.get(\"sensorAlternateId\");\nvar samples = msg.lastSamples || env.get(\"lastSamples\");\nflow.set(\"lastSamples\", samples);\nvar skip = msg.skip || env.get(\"skip\");\nflow.set(\"skip\", skip);\nflow.set(\"deviceAddress\", deviceAddress);\nflow.set(\"startTime\", startTime);\nflow.set(\"endTime\", endTime);\nflow.set(\"sensortype\", sensortype);\nflow.set(\"capability\", capability);\nflow.set(\"sensorId\", sensorId);\nmsg.url = \"<<PERSISTENCE>>:443/persistence/v1/iot/measures?$expand=*&orderby=timestamp desc\"\nreturn msg;","outputs":1,"noerr":0,"initialize":"","finalize":"","libs":[],"x":260,"y":100,"wires":[["93910b4a.bedf88"]]},{"id":"591bfc6f.9e9de4","type":"function","z":"3c1e4391.24987c","name":"Create template","func":"\nmsg.h = null;\nmsg.r = null;\nmsg.enables = flow.get('enables');\nmsg.includeHeader = flow.get('includeHeader');\nmsg.nestedValues = flow.get('nestedValues');\nmsg. template = '<script>' +\n'scope.mergeColumn = function(th, thp) {debugger;' +\n'    if (!th || !thp)' +\n'        return;' +\n'    let r = th.r || [],' +\n'        h = th.h || {};' +\n'    for (let i = 0; i < thp.length; i++) {' +\n'        let properties = Object.keys(thp[i]);' +\n'        while (properties.length) {' +\n'            let e = properties.shift();' +\n'            if (!th.enables || (th.enables && th.enables.includes(e))) {' +\n'                if (th.nestedValues === e) {' +\n'                   if(Array.isArray(thp[i][e]) == false){' +\n'                       let propertiesN = Object.keys(thp[i][e]);' +\n'                       while (propertiesN.length) {' +\n'                           let eN = propertiesN.shift();' +\n'                           if (!h[e + \"_\" + eN]) h[e + \"_\" + eN] = 1 && r.push(e + \"_\" + eN);' +\n'                       }' +\n'                   }' +\n'                   else{' +\n'                       for(let k = 0; k < thp[i][e].length; k++){' +\n'                           let propertiesN = Object.keys(thp[i][e][k]);' +\n'                           while (propertiesN.length) {' +\n'                               let eN = propertiesN.shift();' +\n'                               if (!h[e + \"_\" + eN]) h[e + \"_\" + eN] = 1 && r.push(e + \"_\" + eN);' +\n'                           }' +\n'                       }' +\n'                   }' +\n'                }' +\n'                else if (!h[e]) h[e] = 1 && r.push(e);' +\n'            }' +\n'        }' +\n'    }' +\n'    th.h = h;' +\n'    th.r = r;' +\n'    return r;' +\n'};' +\n'scope.parseRow = function(th, thp) {debugger;' +\n'    if (!th || !thp || !th.r)' +\n'        return;' +\n'    let res = {};' +\n'    for (let i = 0; i < th.r.length; i++) {' +\n'        let prop = th.r[i];' +\n'        if (prop === \"visibleDelete\" || prop === \"additionalProperties\")' +\n'            continue;' +\n'        if (!thp[prop] && th.nestedValues && prop.startsWith(th.nestedValues + \"_\")) {' +\n'            debugger;' +\n'            if (Array.isArray(thp[th.nestedValues]) == false) {' +\n'                res[prop] = thp[th.nestedValues][prop.replace(th.nestedValues + \"_\", \"\")];' +\n'            } else {' +\n'                for (let k = 0; k < thp[th.nestedValues].length; k++) {' +\n'                    res[prop] = thp[th.nestedValues][k][prop.replace(th.nestedValues + \"_\", \"\")];' +\n'                }' +\n'            }' +\n'        } else {' +\n'            res[prop] = thp[prop];' +\n'        }' +\n'    }' +\n'    return res;' +\n'};' +\n'mouseDown = function(th) {' +\n'    $(th).css(\"background\", \"var(--nr-dashboard-pageTitlebarBackgroundColor)\");' +\n'    $(th).css(\"transition\", \"0.3s\");' +\n'};' +\n'mouseUp = function(th) {' +\n'    $(th).css(\"background\", \"var(--nr-dashboard-widgetBgndColor)\");' +\n'    $(th).css(\"transition\", \"0.3s\");' +\n'};' +\n'deleteObj = function(th) {' +\n'    this.mouseUp(th);' +\n'' +\n'};' +\n'</script>' +\n'<style>' +\n'    td:hover {' +\n'        border-left: 5px solid var(--nr-dashboard-pageTitlebarBackgroundColor);' +\n'        border-right: 5px solid var(--nr-dashboard-pageTitlebarBackgroundColor);' +\n'        color: var(--nr-dashboard-pageTitlebarBackgroundColor);' +\n'        cursor:pointer;' +\n'        transition: 0.4s;' +\n'    }' +\n'    tr.selected td {' +\n'        background-color: var(--nr-dashboard-pageTitlebarBackgroundColor);' +\n'        color: var(--nr-dashboard-widgetBgndColor);' +\n'        transition: 0.4s;' +\n'    }' +\n'</style>' +\n'<table style=\"text-align: center\">' +\n'    <thead ng-if=\"msg.includeHeader == false\" style=\\'display: none;\\':null\">' +\n'            <tr>' +\n'              <th ng-repeat=\"header in mergeColumn(msg, msg.payload) track by $index\" ng-if=\"header != \\'$$hashKey\\' && header != \\'visibleDelete\\' && header != \\'additionalProperty\\'\">{{header}}</th>' +\n'            </tr>' +\n'   </thead>' +\n'    <thead ng-if=\"msg.includeHeader == true\">' +\n'            <tr>' +\n'              <th ng-repeat=\"header in mergeColumn(msg, msg.payload) track by $index\" ng-if=\"header != \\'$$hashKey\\' && header != \\'visibleDelete\\' && header != \\'additionalProperty\\'\">{{header}}</th>' +\n'            </tr>' +\n'   </thead>' +\n'   <tbody>' +\n'    <tr ng-repeat=\"(key, value) in msg.payload\">' +\n'        <td ng-repeat=\"row in parseRow(msg, value)\" onmousedown=\"mouseDown(this)\" onmouseup=\"mouseUp(this)\" ng-click =\"value.selected=true; send({\\'command\\':\\'select\\', \\'selected\\':value.title, \\'additionalProperty\\':value.additionalProperty});\">{{row}}</td>' +\n'    </tr>' +\n'    </tbody>' +\n'</table>';\nreturn msg;","outputs":1,"noerr":0,"initialize":"","finalize":"","libs":[],"x":880,"y":280,"wires":[[]]},{"id":"b3e59dde.52e9a","type":"subflow:74b6e5ae.995b0c","z":"f404963b.18a1a8","name":"","env":[{"name":"deviceAlternateId","value":"pressureMachine","type":"str"},{"name":"lastSamples","value":"50","type":"num"},{"name":"username","value":"ima","type":"str"},{"name":"password","type":"cred"}],"x":320,"y":60,"wires":[["497484f9.0f558c"],[]]},{"id":"8ced64cc.99f2e8","type":"inject","z":"f404963b.18a1a8","name":"","props":[{"p":"payload"},{"p":"topic","vt":"str"}],"repeat":"10","crontab":"","once":true,"onceDelay":"","topic":"","payload":"","payloadType":"date","x":130,"y":160,"wires":[["b3e59dde.52e9a"]]},{"id":"40ee7100.8c3e2","type":"subflow:3c1e4391.24987c","z":"f404963b.18a1a8","name":"","env":[{"name":"deleteButton","type":"bool","value":"false"},{"name":"nestedValues","value":"measureData","type":"str"}],"x":780,"y":60,"wires":[[],[],["3510b4e3.79afac"]]},{"id":"e9642409.6a7dc8","type":"function","z":"3c1e4391.24987c","name":"","func":"var url = msg.url || env.get(\"url\");\nvar deleteButton = msg.deleteButton || env.get(\"deleteButton\");\nvar outputProperties = msg.outputProperties || env.get(\"outputProperties\");\nvar nestedValues = msg.nestedValues || env.get(\"nestedValues\");\nvar includeHeader = msg.includeHeader || env.get(\"includeHeader\");\nvar enables = msg.enables || env.get(\"enables\");\nflow.set(\"includeHeader\", includeHeader);\nflow.set(\"url\", url);\nflow.set(\"deleteButton\", deleteButton);\nflow.set(\"outputProperties\", outputProperties);\nflow.set(\"nestedValues\", nestedValues);\nflow.set(\"enables\", enables);\nreturn msg;","outputs":1,"noerr":0,"initialize":"","finalize":"","libs":[],"x":140,"y":140,"wires":[["67cb6089.28795"]]},{"id":"3510b4e3.79afac","type":"ui_template","z":"f404963b.18a1a8","group":"6d9b74.8ffa448c","name":"","order":1,"width":0,"height":0,"format":"<div ng-bind-html=\"msg.payload\"></div>","storeOutMessages":false,"fwdInMessages":true,"resendOnRefresh":false,"templateScope":"local","x":980,"y":120,"wires":[[]]},{"id":"484fb9.791a7048","type":"json","z":"74b6e5ae.995b0c","name":"","property":"payload","action":"","pretty":false,"x":1010,"y":520,"wires":[["6f05ba3.304fc44"]]},{"id":"497484f9.0f558c","type":"change","z":"f404963b.18a1a8","name":"","rules":[{"t":"delete","p":"url","pt":"msg"}],"action":"","property":"","from":"","to":"","reg":false,"x":560,"y":120,"wires":[["40ee7100.8c3e2"]]},{"id":"54f8583c.347788","type":"csv","z":"d6f3b6bc.48eba8","name":"","sep":",","hdrin":"","hdrout":"none","multi":"one","ret":"\\n","temp":"","skip":"0","strings":true,"include_empty_strings":"","include_null_values":"","x":730,"y":60,"wires":[["2a2dd358.36e00c"]]},{"id":"fa178fcf.3ca42","type":"file in","z":"d6f3b6bc.48eba8","name":"","filename":"","format":"utf8","chunk":false,"sendError":false,"encoding":"none","x":610,"y":60,"wires":[["54f8583c.347788"]]},{"id":"a7b5f413.0d3358","type":"subflow:d6f3b6bc.48eba8","z":"757a82d7.c43f4c","name":"","env":[{"name":"csvfile","value":"/usr/src/node-red/Sperimentale.csv","type":"str"},{"name":"capabilityAlternateId","value":"pressure_ref","type":"str"},{"name":"sensorAlternateId","value":"pressureSensor","type":"str"},{"name":"sensorTypeAlternateId","value":"912","type":"num"},{"name":"properties","value":"pressure","type":"str"}],"x":420,"y":320,"wires":[[],["d4960633.332fa8"]]},{"id":"9ee30b86.e3da38","type":"function","z":"d6f3b6bc.48eba8","name":"","func":"var csvfile = msg.csvfile || env.get(\"csvfile\");\nflow.set(\"csvfile\", csvfile);\nvar capabilityAlternateId = msg.capabilityAlternateId || env.get(\"capabilityAlternateId\");\nflow.set(\"capabilityAlternateId\", capabilityAlternateId);\nvar sensorAlternateId = msg.sensorAlternateId || env.get(\"sensorAlternateId\");\nflow.set(\"sensorAlternateId\", sensorAlternateId);\nvar sensorTypeAlternateId = msg.sensorTypeAlternateId || env.get(\"sensorTypeAlternateId\");\nflow.set(\"sensorTypeAlternateId\", sensorTypeAlternateId);\nvar properties = msg.properties || env.get(\"properties\");\nflow.set(\"properties\", properties);\nvar delay = msg.delay || env.get(\"delay\") || 5000;\nflow.set(\"delay\", delay);\nvar reset = msg.reset || (env.get(\"reset\") &&  msg.reset!=true) || false;\nflow.set(\"reset\", reset);\nmsg.filename = csvfile;\nmsg.delay = delay;\nmsg.reset = reset;\nif (msg.reset == false){\n    delete msg.reset;\n}\nreturn msg;","outputs":1,"noerr":0,"initialize":"","finalize":"","x":140,"y":180,"wires":[["ccbe6566.0fc828"]]},{"id":"96c85501.028ea8","type":"inject","z":"757a82d7.c43f4c","name":"restart","props":[{"p":"csvfile","v":"/usr/src/node-red/Sperimentale.csv","vt":"str"},{"p":"reset","v":"true","vt":"str"},{"p":"delay","v":"1000","vt":"num"}],"repeat":"120001","crontab":"","once":false,"onceDelay":0.1,"topic":"","payloadType":"str","x":140,"y":400,"wires":[["a7b5f413.0d3358"]]},{"id":"d4960633.332fa8","type":"mqtt out","z":"757a82d7.c43f4c","name":"","topic":"measures/pressureMachine","qos":"0","retain":"false","respTopic":"","contentType":"","userProps":"","correl":"","expiry":"","broker":"fc0e35a9.2b9758","x":820,"y":320,"wires":[]},{"id":"a93131d7.3556c","type":"inject","z":"757a82d7.c43f4c","name":"start","props":[{"p":"csvfile","v":"/usr/src/node-red/Sperimentale.csv","vt":"str"},{"p":"reset","v":"false","vt":"bool"}],"repeat":"120001","crontab":"","once":false,"onceDelay":0.1,"topic":"","payloadType":"str","x":130,"y":480,"wires":[["a7b5f413.0d3358"]]},{"id":"fda38900.0b5ca8","type":"switch","z":"d6f3b6bc.48eba8","name":"","property":"reset","propertyType":"msg","rules":[{"t":"empty"},{"t":"nempty"},{"t":"null"}],"checkall":"true","repair":false,"outputs":3,"x":350,"y":360,"wires":[["fa178fcf.3ca42"],["a7f0fc44.158b2","c455ed5e.7a314"],["fa178fcf.3ca42"]]},{"id":"7b8d885e.c2a868","type":"delay","z":"d6f3b6bc.48eba8","name":"","pauseType":"delay","timeout":"1","timeoutUnits":"seconds","rate":"1","nbRateUnits":"1","rateUnits":"second","randomFirst":"1","randomLast":"5","randomUnits":"seconds","drop":false,"x":400,"y":120,"wires":[["fa178fcf.3ca42","a0442ced.266a1"]]},{"id":"a7f0fc44.158b2","type":"change","z":"d6f3b6bc.48eba8","name":"","rules":[{"t":"delete","p":"reset","pt":"msg"}],"action":"","property":"","from":"","to":"","reg":false,"x":390,"y":60,"wires":[["7b8d885e.c2a868"]]},{"id":"a0442ced.266a1","type":"trigger","z":"d6f3b6bc.48eba8","name":"","op1":"1","op2":"0","op1type":"str","op2type":"str","duration":"-5000","extend":false,"overrideDelay":true,"units":"ms","reset":"","bytopic":"all","topic":"topic","outputs":1,"x":400,"y":720,"wires":[["ba3ff8f.3990008"]]},{"id":"ba3ff8f.3990008","type":"change","z":"d6f3b6bc.48eba8","name":"","rules":[{"t":"set","p":"payload","pt":"msg","to":"trigger","tot":"str"},{"t":"set","p":"control","pt":"msg","to":"true","tot":"bool"},{"t":"set","p":"topic","pt":"msg","to":"file","tot":"str"}],"action":"","property":"","from":"","to":"","reg":false,"x":600,"y":720,"wires":[["4167483f.3eb5c8"]]},{"id":"4167483f.3eb5c8","type":"m-queue","z":"d6f3b6bc.48eba8","name":"","queueSelect":"topic","controlFlag":"control","defaultQueue":"default","allQueues":"all","triggerCmd":"trigger","statusCmd":"status","pauseCmd":"pause","resumeCmd":"resume","flushCmd":"flush","resetCmd":"reset","peekCmd":"peek","dropCmd":"drop","maximumCmd":"maximum","newestCmd":"newest","protectCmd":"protect","deleteCmd":"delete","paused":false,"protect":false,"keepNewestDefault":false,"maxSizeDefault":"999999999","protectDefault":false,"persist":false,"newValue":"value","storeName":"memory","statusOutput":false,"outputs":1,"x":900,"y":200,"wires":[["af3ead03.c9e37"]]},{"id":"2a2dd358.36e00c","type":"change","z":"d6f3b6bc.48eba8","name":"","rules":[{"t":"set","p":"topic","pt":"msg","to":"file","tot":"str"}],"action":"","property":"","from":"","to":"","reg":false,"x":640,"y":200,"wires":[["4167483f.3eb5c8"]]},{"id":"c455ed5e.7a314","type":"change","z":"d6f3b6bc.48eba8","name":"","rules":[{"t":"set","p":"payload","pt":"msg","to":"reset","tot":"str"},{"t":"set","p":"control","pt":"msg","to":"true","tot":"bool"}],"action":"","property":"","from":"","to":"","reg":false,"x":640,"y":320,"wires":[["2a2dd358.36e00c"]]},{"id":"af3ead03.c9e37","type":"function","z":"d6f3b6bc.48eba8","name":"","func":"\nvar json = {};\njson['capabilityAlternateId'] = flow.get(\"capabilityAlternateId\");\njson['sensorAlternateId'] = flow.get(\"sensorAlternateId\");\njson['sensorTypeAlternateId'] = flow.get(\"sensorTypeAlternateId\");\njson['measures'] = [];\nvar properties = flow.get(\"properties\");\nvar res = properties.split(\";\");\nlet js = {};\nfor (var i = 0;  i < res.length; i++){\n    let str = \"col\" + (i+1);\n    js[res[i]] = msg.payload[str];\n}\njson.measures.push(js);\nvar msg1 = {};\nmsg1.payload = json;\nreturn msg1;","outputs":1,"noerr":0,"initialize":"","finalize":"","x":1050,"y":680,"wires":[[]]},{"id":"c0991c8d.373b8","type":"inject","z":"757a82d7.c43f4c","name":"stop","props":[{"p":"reset","v":"stop","vt":"str"}],"repeat":"","crontab":"","once":false,"onceDelay":0.1,"topic":"","payloadType":"str","x":130,"y":540,"wires":[["a7b5f413.0d3358"]]},{"id":"bec905a3.1e3e88","type":"change","z":"d6f3b6bc.48eba8","name":"","rules":[{"t":"set","p":"reset","pt":"msg","to":"true","tot":"bool"}],"action":"","property":"","from":"","to":"","reg":false,"x":460,"y":580,"wires":[["a0442ced.266a1"]]},{"id":"ccbe6566.0fc828","type":"switch","z":"d6f3b6bc.48eba8","name":"","property":"reset","propertyType":"msg","rules":[{"t":"eq","v":"stop","vt":"str"},{"t":"else"}],"checkall":"true","repair":false,"outputs":2,"x":170,"y":320,"wires":[["bec905a3.1e3e88","c455ed5e.7a314"],["fda38900.0b5ca8"]]},{"id":"111bed5f.b14643","type":"subflow:74b6e5ae.995b0c","z":"757a82d7.c43f4c","name":"","env":[{"name":"deviceAlternateId","value":"pressureMachine","type":"str"},{"name":"lastSamples","value":"320","type":"num"},{"name":"username","value":"ima","type":"str"},{"name":"password","type":"cred"}],"x":570,"y":460,"wires":[["b4144956.62bfd8"],["c64ee5b4.833918"]]},{"id":"97a64d6.41425b","type":"debug","z":"757a82d7.c43f4c","name":"","active":true,"tosidebar":true,"console":false,"tostatus":false,"complete":"true","targetType":"full","statusVal":"","statusType":"auto","x":1150,"y":340,"wires":[]},{"id":"1665481c.f335f8","type":"inject","z":"757a82d7.c43f4c","name":"","props":[{"p":"payload"},{"p":"topic","vt":"str"}],"repeat":"32","crontab":"","once":true,"onceDelay":0.1,"topic":"","payload":"","payloadType":"date","x":300,"y":580,"wires":[["111bed5f.b14643"]]},{"id":"b4144956.62bfd8","type":"function","z":"757a82d7.c43f4c","name":"","func":"var msg1 = {};\nvar arr = [];\nfor (var i = 0; i < msg.payload.value.length; i++){\n    arr.push(parseFloat(msg.payload.value[i].measureData[0].value));\n}\nmsg1.samples = arr.length;\nmsg1.spacing = 200;\nmsg1.data = arr;\nmsg.payload = msg1;\nreturn msg;","outputs":1,"noerr":0,"initialize":"","finalize":"","libs":[],"x":840,"y":400,"wires":[["f3b3abcc.da8178"]]},{"id":"36a7692a.75cb76","type":"function","z":"757a82d7.c43f4c","name":"","func":"//ax.plot(xf, 2.0/N * np.abs(yf[:N//2]))\nvar x = JSON.parse(msg.payload.xf);\nvar y = JSON.parse(msg.payload.y);\nvar data = [];\nfor(var i = 0; i < x.length; i++){\n    var point = {x:x[i], y:y[i]};\n    data.push(point);\n}\n\nmsg.payload=[{ \"series\": [\"DFT\"], \"data\": [data], \"labels\": [ ] } ];\nmsg.size= x.length;\nreturn msg;\n\n\n\n","outputs":1,"noerr":0,"initialize":"","finalize":"","libs":[],"x":1090,"y":600,"wires":[["f08d503d.7d1ee","97a64d6.41425b"]]},{"id":"4024d585.ef447c","type":"json","z":"757a82d7.c43f4c","name":"","property":"payload","action":"","pretty":false,"x":1030,"y":520,"wires":[["36a7692a.75cb76","97a64d6.41425b"]]},{"id":"d19c2c09.ab5dc","type":"subflow:2648fba7.74b264","z":"f404963b.18a1a8","name":"","env":[],"x":530,"y":920,"wires":[["d13b1d2b.72be1"]]},{"id":"d13b1d2b.72be1","type":"ui_chart","z":"f404963b.18a1a8","name":"","group":"9993785.178e688","order":1,"width":0,"height":0,"label":"RT Measures","chartType":"line","legend":"true","xformat":"HH:mm:ss","interpolate":"linear","nodata":"","dot":false,"ymin":"","ymax":"","removeOlder":1,"removeOlderPoints":"","removeOlderUnit":"3600","cutout":0,"useOneColor":false,"useUTC":false,"colors":["#1eb0b3","#aec7e8","#ff7f0e","#2ca02c","#98df8a","#d62728","#ff9896","#9467bd","#c5b0d5"],"useOldStyle":false,"outputs":1,"x":810,"y":920,"wires":[[]]},{"id":"fc4243f9.cea33","type":"change","z":"f404963b.18a1a8","name":"","rules":[{"t":"move","p":"additionalProperty.alternateId","pt":"msg","to":"payload","tot":"msg"}],"action":"","property":"","from":"","to":"","reg":false,"x":220,"y":840,"wires":[["d19c2c09.ab5dc"]]},{"id":"dcf5a42.5e54c58","type":"change","z":"f404963b.18a1a8","name":"","rules":[{"t":"move","p":"additionalProperty","pt":"msg","to":"payload","tot":"msg"}],"action":"","property":"","from":"","to":"","reg":false,"x":670,"y":640,"wires":[["fb134f80.f6a35","2210362a.12f70a","89305cf.2cb79a","cd99e17e.c073b","e31619d.5a69de8"]]},{"id":"11a575c1.3e83fa","type":"change","z":"f404963b.18a1a8","name":"","rules":[{"t":"move","p":"additionalProperty.sensors","pt":"msg","to":"payload","tot":"msg"}],"action":"","property":"","from":"","to":"","reg":false,"x":550,"y":440,"wires":[["28768049.324d5"]]},{"id":"c64ee5b4.833918","type":"ui_chart","z":"757a82d7.c43f4c","name":"","group":"e770dc1d.fa29c","order":1,"width":0,"height":0,"label":"DB measures","chartType":"line","legend":"true","xformat":"auto","interpolate":"linear","nodata":"","dot":false,"ymin":"","ymax":"","removeOlder":"200","removeOlderPoints":"","removeOlderUnit":"604800","cutout":0,"useOneColor":false,"useUTC":false,"colors":["#1f77b4","#aec7e8","#ff7f0e","#2ca02c","#98df8a","#d62728","#ff9896","#9467bd","#c5b0d5"],"useOldStyle":false,"outputs":1,"x":820,"y":660,"wires":[[]]},{"id":"6f05ba3.304fc44","type":"function","z":"74b6e5ae.995b0c","name":"","func":"let data = [];\nlet series = {};\nlet seriesArr = []\nfor (var i = 0; i < msg.payload.value.length; i++){\n    let val = msg.payload.value[i];\n    let time = new Date(val.timestamp).getTime();\n    for (var j = 0; j < val.measureData.length; j++){\n        let point = val.measureData[j];\n        let name = val.deviceAlternateId+\"_\"+val.sensorAlternateId+\"_\"+val.capabilityAlternateId+\"_\"+point.name;\n        let s = series[name]||[];\n        let chPoint = {x:time, y:point.value};\n        s.push(chPoint);\n        series[name] = s;\n    }\n}\n\n/*for(var i = 0; i < x.length; i++){\n    var point = {x:x[i], y:y[i]};\n    data.push(point);\n}*/\n\nfor(let s in series){\n    seriesArr.push(s);\n    data.push(series[s]);\n}\n\nmsg.payload=[{ \"series\": seriesArr, \"data\": data, \"labels\": [ ] } ];\nreturn msg;\n\n\n\n","outputs":1,"noerr":0,"initialize":"","finalize":"","libs":[],"x":1000,"y":600,"wires":[[]]},{"id":"40526302.99282c","type":"inject","z":"757a82d7.c43f4c","name":"clear graph","props":[{"p":"payload"}],"repeat":"","crontab":"","once":false,"onceDelay":0.1,"topic":"","payload":"[]","payloadType":"json","x":340,"y":700,"wires":[["c64ee5b4.833918","f08d503d.7d1ee"]]},{"id":"74b47264.b81e8c","type":"http request","z":"757a82d7.c43f4c","name":"","method":"GET","ret":"txt","paytoqs":"ignore","url":"<<PERSISTENCE>>/persistence/v1/iot/measures?$expand=*&$top=50&$orderby=timestamp desc","tls":"71b4fe2c.1ee9a","persist":false,"proxy":"","authType":"","x":330,"y":100,"wires":[["8a67b5ae.638e88","8b3bd380.30751"]]},{"id":"8b3bd380.30751","type":"debug","z":"757a82d7.c43f4c","name":"","active":true,"tosidebar":true,"console":false,"tostatus":false,"complete":"true","targetType":"full","statusVal":"","statusType":"auto","x":650,"y":100,"wires":[]},{"id":"98acaace.ae3bb8","type":"inject","z":"757a82d7.c43f4c","name":"","props":[{"p":"payload"},{"p":"topic","vt":"str"}],"repeat":"","crontab":"","once":false,"onceDelay":0.1,"topic":"","payload":"","payloadType":"date","x":150,"y":100,"wires":[["74b47264.b81e8c"]]},{"id":"3ec4de5b.689722","type":"mqtt in","z":"757a82d7.c43f4c","name":"","topic":"ack/pressureMachine","qos":"2","datatype":"auto","broker":"fc0e35a9.2b9758","nl":false,"rap":true,"rh":0,"x":730,"y":220,"wires":[["6715cd83.94be84"]]},{"id":"6715cd83.94be84","type":"debug","z":"757a82d7.c43f4c","name":"","active":true,"tosidebar":true,"console":false,"tostatus":false,"complete":"true","targetType":"full","statusVal":"","statusType":"auto","x":910,"y":220,"wires":[]},{"id":"8a67b5ae.638e88","type":"json","z":"757a82d7.c43f4c","name":"","property":"payload","action":"","pretty":false,"x":510,"y":40,"wires":[["8b3bd380.30751"]]},{"id":"dbc449cc.ab58f8","type":"function","z":"c5684258.f999c","name":"","func":"var endpoint = msg.endpoint || env.get(\"endpoint\");\nflow.set(\"endpoint\", endpoint);\nvar useBody = msg.useBody || env.get(\"useBody\");\nflow.set(\"useBody\", useBody);\nvar method = msg.method || env.get(\"method\");\nflow.set(\"method\", method);\nreturn msg;","outputs":1,"noerr":0,"initialize":"","finalize":"","x":200,"y":40,"wires":[["1279753b.fd3f5b"]]},{"id":"8b6066ad.91d9f8","type":"http request","z":"c5684258.f999c","name":"","method":"use","ret":"txt","paytoqs":"query","url":"","tls":"","persist":false,"proxy":"","authType":"","x":690,"y":240,"wires":[["21f6215a.57c57e"]]},{"id":"21f6215a.57c57e","type":"function","z":"c5684258.f999c","name":"","func":"\nreturn msg;","outputs":1,"noerr":0,"initialize":"","finalize":"","x":960,"y":80,"wires":[[]]},{"id":"1279753b.fd3f5b","type":"function","z":"c5684258.f999c","name":"","func":"let useBody = flow.get(\"useBody\");\nlet endpoint = flow.get(\"endpoint\");\nlet method = flow.get(\"method\")||\"GET\";\nmsg.method = method;\nmsg.useBody = useBody;\nmsg.url = endpoint;\nreturn msg;","outputs":1,"noerr":0,"initialize":"","finalize":"","x":340,"y":80,"wires":[["563e5c12.ec7e14"]]},{"id":"69a91be4.895934","type":"http request","z":"c5684258.f999c","name":"","method":"use","ret":"txt","paytoqs":"body","url":"","tls":"","persist":false,"proxy":"","authType":"","x":690,"y":80,"wires":[["21f6215a.57c57e"]]},{"id":"563e5c12.ec7e14","type":"switch","z":"c5684258.f999c","name":"","property":"useBody","propertyType":"msg","rules":[{"t":"true"},{"t":"false"}],"checkall":"true","repair":false,"outputs":2,"x":510,"y":140,"wires":[["69a91be4.895934"],["8b6066ad.91d9f8"]]},{"id":"f3b3abcc.da8178","type":"subflow:c5684258.f999c","z":"757a82d7.c43f4c","name":"","env":[{"name":"endpoint","value":"dft.dft.svc.cluster.local:50111","type":"str"}],"x":930,"y":460,"wires":[["4024d585.ef447c"]]}]
