<mvc:View
    controllerName="dep.fiori.materialdoc.app.list"
    class="dep-fiori"
    displayBlock="true"
    height="100%"
    xmlns:mvc="sap.ui.core.mvc"
    xmlns:fb="sap.ui.comp.filterbar"
    xmlns:c="sap.ui.core"
    xmlns="sap.m"
    xmlns:lib="dep.fiori.lib">
    <Page
        showHeader="false"
        showSubHeader="false"
        enableScrolling="false">
        <VBox
            fitContainer="true"
            renderType="Bare">
            <c:Fragment fragmentName="dep.fiori.lib.frag.filterBar" type="XML" />
            <ScrollContainer
                vertical="true"
                height="100%"
                width="100%">
                <Table
                    id="list"
                    noDataText="{i18n>List.empty}"
                    items="{odata>/Material_Docs}"
                    growing="true"
                    growingScrollToLoad="true"
                    mode="MultiSelect"
                    itemPress="onItemPress">
                    <headerToolbar>
                        <Toolbar>
                            <Title text="{i18n>List.title}" />
                            <ToolbarSpacer />
                            <Button
                                tooltip="{i18nGlobal>General.sortList}"
                                icon="sap-icon://drop-down-list"
                                press="onSortPress" />
                            <Button
                                tooltip="{i18nGlobal>General.print}"
                                icon="sap-icon://print"
                                press="onPrintPress" />
                        </Toolbar>
                    </headerToolbar>
                    <columns>
                        <Column vAlign="Middle">
                            <Title
                                text="{i18n>Document.number}"
                                tooltip="{i18n>Document.number}" />
                        </Column>
                        <Column vAlign="Middle">
                            <Title
                                text="{i18n>Document.movementType}"
                                tooltip="{i18n>Document.movementType}" />
                        </Column>
                        <Column vAlign="Middle">
                            <Title
                                text="{i18n>Document.postDate}"
                                tooltip="{i18n>Document.postDate}" />
                        </Column>
                        <Column
                            vAlign="Middle"
                            minScreenWidth="Tablet"
                            demandPopin="true"
                            popinDisplay="Inline">
                            <Title
                                text="{i18n>Document.toPlant}"
                                tooltip="{i18n>Document.toPlant}" />
                        </Column>
                        <Column
                            vAlign="Middle"
                            minScreenWidth="Desktop"
                            demandPopin="true"
                            popinDisplay="Inline">
                            <Title
                                text="{i18nGlobal>General.workorder}"
                                tooltip="{i18nGlobal>General.workorder}" />
                        </Column>
                        <Column
                            vAlign="Middle"
                            minScreenWidth="Desktop"
                            demandPopin="true"
                            popinDisplay="Inline">
                            <Title
                                text="{i18n>Document.purchaseOrder}"
                                tooltip="{i18n>Document.purchaseOrder}" />
                        </Column>
                    </columns>
                    <items>
                        <ColumnListItem type="Active">
                            <cells>
                                <HBox
                                    fitContainer="true"
                                    renderType="Bare"
                                    alignItems="Center">
                                    <Label
                                        text="{odata>MBLNR}"
                                        tooltip="{odata>MBLNR}"
                                        design="Bold"
                                        class="identifierTextBlue sapUiTinyMarginEnd" />
                                    <c:Icon
                                        src="sap-icon://message-error"
                                        size="1.25rem"
                                        color="red"
                                        tooltip="{i18nGlobal>General.hasSyncErrors}"
                                        visible="{= !!${odata>EDGE_ERRORS} }"
                                        press="handleResponsivePopoverPress" />
                                </HBox>
                                <Label
                                    text="{odata>BWART}"
                                    tooltip="{odata>BWART}" />
                                <Label
                                    text="{odata>BUDAT}"
                                    tooltip="{odata>BUDAT}" />
                                <Label
                                    text="{odata>UMWRK}"
                                    tooltip="{odata>UMWRK}" />
                                <Label
                                    text="{odata>AUFNR}"
                                    tooltip="{odata>AUFNR}" />
                                <Label
                                    text="{odata>EBELN}"
                                    tooltip="{odata>EBELN}" />
                            </cells>
                        </ColumnListItem>
                    </items>
                </Table>
            </ScrollContainer>
        </VBox>
    </Page>
</mvc:View>