<c:FragmentDefinition
    xmlns="sap.m"
    xmlns:c="sap.ui.core">
    <Dialog
        title="{i18n>List.material} {/MATNR}"
        class="dep-fiori"
        stretchOnPhone="true"
        contentHeight="80%"
        contentWidth="50%"
        verticalScrolling="false" >
        <Page
            showHeader="false"
            showSubHeader="false"
            enableScrolling="false">
            <content>
                <ScrollContainer
                    vertical="true"
                    height="100%"
                    width="100%">
                    <Table
                        id="table"
                        noDataText="{i18nGlobal>General.listEmpty}"
                        items="{stockwanted>/}"
                        growing="true"
                        growingScrollToLoad="true">
                        <columns>
                            <Column vAlign="Middle">
                                <Title text="{i18n>List.workorder}" />
                            </Column>
                            <Column vAlign="Middle">
                                <Title text="{i18n>List.quantity}" />
                            </Column>
                        </columns>
                        <items>
                            <ColumnListItem>
                                <cells>
                                    <Label text="{stockwanted>ZAUFNR}" />
                                    <Label text="{stockwanted>ZSUM05}" />
                                </cells>
                            </ColumnListItem>
                        </items>
                    </Table>
                </ScrollContainer>
            </content>
            <footer>
                <Bar>
                    <contentRight>
                        <Button
                            text="{i18nGlobal>General.ok}"
                            press="closeDialog" />
                    </contentRight>
                </Bar>
            </footer>
        </Page>
    </Dialog>
</c:FragmentDefinition>